happy,a5a2330e-2fff-4601-a715-6e68a8e98fbf,Jason Mraz,I'm Yours
happy,816b3284-5f24-4f3a-9554-750e0bf5d060,Foster the People,Pumped Up Kicks
happy,13421c69-b54f-4a9a-8db6-f8c15f1bb14b,Modest Mouse,Float On
happy,047db898-cedf-48a0-afc2-5b686c9b8840,Vampire Weekend,A-Punk
happy,772ea437-45b3-4868-b3c0-b80526ef0fa3,Florence + the Machine,Dog Days Are Over
happy,8e5fdb03-736a-4d90-b46f-49db3d654302,Queen,Don't Stop Me Now
happy,8d9104c6-7d8e-460b-8c3d-2d797f79953d,The Cure,Friday I'm in Love
happy,33a44864-c16f-411e-af28-b90a002848bb,Weezer,Island in the Sun
happy,5d4b2f2c-3ec7-41eb-8d7c-b4af1a4b8a63,The Kooks,She Moves in Her Own Way
happy,440f60e8-0b25-4ec4-abb1-c6beec624ab0,The Beatles,Here Comes the Sun
happy,5098d0a8-d3c3-424e-9367-1f2610724410,The Beatles,All You Need Is Love
happy,49a3d9fd-3c76-48bf-a0c6-345b1e35bc08,Peter Bjorn and John,Young Folks
happy,13e8816a-68f4-4eef-ae5f-b06955477b8f,Passion Pit,Sleepyhead
happy,2d753fb3-70c9-4499-beac-285c47fb5a1e,OutKast,Hey Ya!
happy,c5d17c63-1e08-43b6-b004-e7809105819d,Edward Sharpe & The Magnetic Zeros,Home
happy,0b778271-1901-472c-95fa-8996535e4c8f,Coldplay,Strawberry Swing
happy,783a5e11-5cdc-4f04-89e1-e0bbefa4a08e,The Ting Tings,That's Not My Name
happy,e0fb6ca0-d44f-46af-a8c0-5d3db6e0fbe8,Owl City,Fireflies
happy,fc7dc7a7-defd-4e18-aa67-d7960465e43d,The Jackson 5,I Want You Back
happy,3b35cb63-2ec7-46a4-9a43-25c9415a9546,Maroon 5,Sunday Morning
happy,0e4a0a65-1375-4539-9049-8a342f63337d,Vampire Weekend,Cape Cod Kwassa Kwassa
happy,7f7956aa-88fc-4267-a2ae-4daac0c39c73,The Beatles,I Want to Hold Your Hand
happy,457d1e27-ad00-4adc-8622-fe2cce3035c4,The Beatles,Penny Lane
happy,9847c7b1-2b2d-45d0-9e4e-0610b420ed6a,The Beach Boys,Wouldn't It Be Nice
happy,bd43c10d-6849-4d07-b0fe-e7278ba469fb,Mika,Grace Kelly
happy,48876dcb-63a9-4c08-a2b3-7089f32a1258,The Killers,Spaceman
happy,482907c9-430c-4ded-8ba6-9b4327f01ca5,Feist,Mushaboom
happy,63026c60-e046-42a6-98ab-0ec96d1a99c2,Sublime,What I Got
happy,f939409f-c292-4a8f-ad18-3d8d4cc07376,Train,"Hey, Soul Sister"
happy,a4293853-6e16-4ed1-b954-e8452782eb8b,Feist,1234
happy,8f76f968-0691-4556-a908-85956b4f4fe4,The Beatles,Hello Goodbye
happy,c2e14dec-db6c-401c-b253-082b67807e32,Smash Mouth,All Star
happy,c4cb7174-97d0-4fae-8ee8-8486b4a5c930,Sixpence None the Richer,Kiss Me
happy,efe365d3-a1d8-42dc-a63d-0b4cc6ecfaed,The Beatles,With a Little Help from My Friends
happy,0255a2aa-4354-4555-9526-f0560cc5aa0d,The Shins,Australia
happy,5d6dec4b-d407-402a-97b5-a681e6173930,Colbie Caillat,Bubbly
happy,e901cbeb-61af-4a78-a855-a23ebac6a41a,Blind Melon,No Rain
happy,8063a8d2-c0ab-4124-856a-e3b1977ede0a,Feist,I Feel It All
happy,0760ab79-4d81-44c5-9cfe-2f91dd69fc0e,The Beatles,Octopus's Garden
happy,c373d6db-4340-4ec5-891a-8130b4440ded,Foster the People,Houdini
happy,a5b60e48-2026-4b9a-b7c6-3a2193e3e08d,Passion Pit,Little Secrets
happy,eec0b54a-66f1-4e63-84c5-930d28122c31,Corinne Bailey Rae,Put Your Records On
happy,455732fa-77b5-4ac5-bfa8-18dea06451d7,Pharrell Williams,Happy
happy,7fa37204-0d7c-4881-850f-d7562fde51f7,Imagine Dragons,On Top of the World
happy,44be5ccc-357e-4242-891f-10bf1bf3b818,OK Go,Here It Goes Again
happy,7d0632ae-5605-4ce1-b26c-b12619a2f5fb,The Postal Service,Brand New Colony
happy,5118f7b4-eafc-491a-9158-ee646dff2236,The Beatles,"Ob-La-Di, Ob-La-Da"
happy,1f8051df-6ad8-4243-9023-657ad6cd31a1,KT Tunstall,Suddenly I See
happy,6c267ad5-e2ba-44a8-8882-a4c2879b7768,The Beatles,Lady Madonna
happy,01e1696b-b3c7-4ffe-a42b-ec2c952f7429,Paul Simon,You Can Call Me Al
happy,c47733ac-92f9-41c7-9235-35765fd4d2e4,Lily Allen,LDN
happy,d10a1cd1-0caa-405a-817a-111e2a1d8064,Lady Gaga,"Eh, Eh (Nothing Else I Can Say)"
happy,5efb8ca9-6f8a-4140-9713-13398178cb4d,Sufjan Stevens,Chicago
happy,f77225d7-7c0d-4b59-91b8-9bbf89f621e4,Electric Light Orchestra,Mr. Blue Sky
happy,32463d87-5407-4e29-8570-5f96587eabe9,Jack Johnson,Do You Remember
happy,8ac18f64-cd9f-405d-b283-35b74d45a46b,The Beatles,Maxwell's Silver Hammer
happy,870fc22f-41c3-4f2c-a1b2-36dba71a503f,Simon & Garfunkel,Cecilia
happy,39be3b90-a2bc-45ef-97a2-137f9bdf505f,The Beatles,Twist and Shout
happy,,Noah and the Whale,5 Years Time
happy,9a9b6a47-2302-455c-88c8-d005530c12fc,Natasha Bedingfield,Unwritten
happy,c4b618c1-9507-4238-8e13-657286547b09,R.E.M.,Shiny Happy People
happy,09cc4a63-7b90-4fda-aec4-b3d34cea4fdc,The Beatles,Getting Better
happy,8e158e11-c194-4881-9784-18340e54937f,Matt & Kim,Daylight
happy,f5316e86-bc33-4b10-a1cc-f4a94340920e,The Wombats,Let's Dance to Joy Division
happy,e5a2f5bd-7a26-4597-9b1f-0abce9b4879c,Panic! at the Disco,Nine in the Afternoon
happy,75a8a053-bffb-4464-bf71-ac9a603b33f9,The Beatles,I Feel Fine
happy,1654ff85-f9fa-440a-bb32-112eea28e2fc,Spoon,The Way We Get By
happy,74a865bc-675e-4781-82e3-3fcd592e2f44,Paolo Nutini,New Shoes
happy,89b9aa26-d233-4266-b31b-484044a85b65,New Radicals,You Get What You Give
happy,04175385-dc10-4c35-9767-4120818d1a09,Röyksopp,Happy Up Here
happy,00c535fd-60fe-4c22-abd5-b52fd1b2a57c,Sigur Rós,Gobbledigook
happy,198db0e2-a402-4eb2-9bcd-974517920bc0,Kings of Convenience,I'd Rather Dance With You
happy,d2aac1e6-5750-4271-ad03-068134b90b0d,Vampire Weekend,Horchata
happy,52e23250-a19c-49da-ae4e-76a17966742a,Supergrass,Alright
happy,e3d05bf5-f4a1-4b08-b73b-3cd609241270,The Turtles,Happy Together
happy,a90c6e4a-0438-4da9-9a9f-355723d946ae,OneRepublic,Good Life
happy,4f9c3d75-ce0a-4552-ab11-cc7abf99adad,The Kooks,Shine On
happy,9130d0c8-0bd6-4c17-a4c1-5fd2c3bf9fd0,Phoenix,Rome
happy,c0c2de43-a2fc-45ea-84ca-7873d57fb330,Mika,Love Today
happy,ead437b8-ea12-494a-a9db-fb7b92b0367d,The Beatles,When I'm Sixty-Four
happy,aa0561dd-620c-4ee1-bc59-3e78f61f9526,The Beatles,And Your Bird Can Sing
happy,0dcd21fc-fbd6-415f-a2f3-69c1bad432ab,The White Stripes,We're Going to Be Friends
happy,f1cd39b9-5f99-49cd-866f-8bf065f9b722,Vampire Weekend,M79
happy,f1679ebb-9ef2-4e5c-abf5-7db14d663f6a,Jack Johnson,Upside Down
happy,057db5ae-ce60-4233-a43f-bc5707c922bf,The Beatles,Lovely Rita
happy,0e4a3dd1-7f73-4747-a206-46e6e546e3d0,The Proclaimers,I'm Gonna Be (500 Miles)
happy,809947a1-4836-46e1-9b59-bdd30e611e5a,The Beatles,Good Day Sunshine
happy,a0d61698-f485-4c8b-8523-b7e7e2498d6d,Fool's Garden,Lemon Tree
happy,fb173eef-ee04-40b3-b872-3c76b1e9cfc2,Billy Joel,Uptown Girl
happy,33532c1d-86a0-49a9-af13-05541e05b985,Counting Crows,Accidentally in Love
happy,e2c179ac-6ca0-47a6-b406-4180c1e70d82,Björk,It's Oh So Quiet
happy,32d0e227-065d-4369-817a-583f466a486a,The Beatles,Got to Get You Into My Life
happy,a2db5a6a-8402-462f-9718-2247fd1d7b66,The Coral,Dreaming of You
happy,3b4a3bd3-944d-45f4-ac92-ab72a7448ba2,Imogen Heap,Goodnight and Go
happy,33b9c2ba-3a4c-41a7-b9f6-af3d3a00382b,Hellogoodbye,Here (In Your Arms)
happy,a5988926-e106-43b1-ba4a-84d7da3d9626,Third Eye Blind,Semi-Charmed Life
happy,,Mark Ronson,Uptown Funk
happy,36d9fe81-057d-47a0-b39c-dc00aa9143c2,311,Amber
happy,6759b865-f296-4e4c-b751-3948859b0f62,Mika,Lollipop
happy,8e8705c1-fd13-4a9d-9df6-dcfd5a3f7f64,Kate Nash,Mouthwash
happy,1a3eea46-a3e0-4183-8a11-58d3921082fe,Neon Trees,Animal
happy,1946a404-0a96-4dc1-9b98-8065739d002e,The Shins,Saint Simon
happy,49349490-0cae-431c-98d9-d4a037ca8358,The La's,There She Goes
happy,c63bbc81-2750-44ef-838a-0e7f2e14ae6f,Aqua,Barbie Girl
happy,,Hall & Oates,You Make My Dreams
happy,b45a0eee-d493-49f4-b423-2863fb78261b,Kings of Leon,King Of The Rodeo
happy,291758ed-60eb-4192-92af-367b1c754745,The Beatles,Martha My Dear
happy,c6f55350-b8b5-4f94-9aa2-4139e38544b1,The Beatles,Magical Mystery Tour
happy,29701c94-70d1-4b3d-b492-c6abca142178,The Monkees,I'm a Believer
happy,014948fc-07e7-4337-83dd-4c66b93143a0,Regina Spektor,Hotel Song
happy,13518cc1-dd43-43bd-9fa8-f9091b99c211,Grouplove,Tongue Tied
happy,a88988f8-477b-49a8-b6e4-3538d4a147ef,Lily Allen,Alfie
happy,95a657e9-41ad-4491-b8ef-0c5f2d889830,The Killers,I Can't Stay
happy,8247bb62-85e6-41b7-a194-a5cf7aecb7a8,Wheatus,Teenage Dirtbag
happy,9cc331fa-1fba-4c44-a048-3bcdb7bdd3ed,Milky Chance,Stolen Dance
happy,cab6b72a-5064-4a96-a145-c0aa6ac82c59,The Beatles,Sgt. Pepper's Lonely Hearts Club Band (reprise)
happy,5bc68c7d-df1d-4320-982b-f9f019d7c47c,Yael Naim,New Soul
happy,a2453d3b-4468-4ef3-8ea8-f7e6a883a4a5,The Moldy Peaches,Anyone Else But You
happy,44996ead-d6e9-4a86-a13e-abb825895b43,Mika,Happy Ending
happy,1b8e706a-454e-4466-9a8b-75214b5965f7,The Flaming Lips,Fight Test
happy,47d45dac-50d1-4b05-9dda-246a15970f44,Kate Nash,Merry Happy
happy,959b04bc-9e3b-4176-9ce6-1ca6901f40cb,The Beatles,Birthday
happy,063f4aa7-b4d1-4a9b-9179-75b9d531393a,George Harrison,Got My Mind Set on You
happy,8b81b805-f971-40ae-b6a2-77de7d884fd4,Red Hot Chili Peppers,Cabron
happy,607392d5-3ed6-4d74-a5bc-b08d23ccb81b,Kings of Leon,Taper Jean Girl
happy,9891380f-5159-4e54-8cf6-e3353cde2480,Jason Mraz,You And I Both
happy,eae44ac9-ba77-4db2-b7d7-55f63ee95018,Kate Nash,Pumpkin Soup
happy,ca332845-e989-4a7a-a04d-1d803b94d34c,The Beatles,Good Morning Good Morning
happy,de2ceb46-e9eb-45e9-b182-c2cb9a335520,Michael Bublé,Everything
happy,9d09031e-764e-4095-afb8-4caa0c82a2c3,The Cure,Why Can't I Be You?
happy,37a1d329-e821-4176-8df7-0d8a39f06beb,The Shins,Fighting in a Sack
happy,cdc43b11-37ee-4d3b-9881-6ffc48c2e294,The Shins,Know Your Onion!
happy,be72a996-8c5d-46f4-b170-d5bbc32b60c4,Meghan Trainor,All About That Bass
happy,bc4abc41-2f25-4eff-a624-9a2984b2f1f2,Jessie J,Domino
happy,964d08f8-a78d-4e13-9dcc-3f8db5ba9561,The Velvet Underground,I'm Sticking With You
happy,e5b7a191-79d2-41ca-aa96-2d041c741aac,Weezer,Holiday
happy,c256a82c-d4e0-4c8e-bc79-d46ecd055ac5,Chairlift,Bruises
happy,0201b1b1-82d5-472d-8fa7-5b84c42b20cb,Spoon,The Underdog
happy,5982189c-7bd4-41c2-9b9c-075a620eaab2,Band of Horses,The General Specific
happy,9ff2c9ea-4326-4266-9fa0-1cf45781e50c,Edward Sharpe & The Magnetic Zeros,Janglin
happy,69597d85-2d80-4f4c-be2b-172fba8b6eeb,Beirut,Scenic World
happy,00a30da1-f256-4f91-ad40-262835625f08,Bombay Bicycle Club,Shuffle
happy,ff02195b-28d6-4688-8822-bdd73d5f35ef,Matchbox Twenty,How Far We've Come
happy,6ea4a8b4-9dfa-453a-a2d4-6a8f56acd5dc,Bill Withers,Lovely Day
happy,732f1631-59c3-4e6d-87c9-309ed294bd27,Belle and Sebastian,Another Sunny Day
happy,b99e91f7-2667-4555-9e82-1d9ae37971e7,Barry Louis Polisar,All I Want Is You
happy,0a92482c-4cd4-4464-a859-441b710c9c2b,American Authors,Best Day of My Life
happy,d4756a2a-3ef3-459a-8e21-25808f24b435,The Beatles,Two of Us
happy,ba589acf-d97e-438f-ac22-42d53519a018,Sigur Rós,Inní mér syngur vitleysingur
happy,c1714da4-2eac-4e85-8746-3cc9ef186083,James Morrison,Wonderful World
happy,e1290148-4561-4786-b456-b0b6225a9d3d,The Beatles,Honey Pie
happy,db331509-b942-4dac-bff5-50f4a276e48b,Paul Simon,Me And Julio Down By The Schoolyard
happy,a980df85-8bfc-43a3-945a-e0e6c3b97739,Katrina and the Waves,Walking on Sunshine
happy,aa06b647-2945-4286-8549-7850777a7da6,Regina Spektor,That Time
happy,9050e094-0e75-4d6a-b0a6-f19965f78e55,Michael Bublé,Haven't Met You Yet
happy,e31d49df-39d2-4052-9b5e-9b3c57b8c934,Jimmy Eat World,A Praise Chorus
happy,b9183892-fdec-4708-aafb-fda582f20d7a,The Rolling Stones,She's A Rainbow
happy,9656e1b2-87c1-4208-8a33-fa814961fc9e,Walk the Moon,Shut Up and Dance
happy,25a81e30-aedb-4b5a-87c7-b1d60ddd2b93,Elbow,One Day Like This
happy,d108d506-2c23-494a-b2dd-6608a8f8ef37,The Beatles,The Word
happy,17e0b9aa-aee5-4cae-92d2-22d80a40b8c8,The Beatles,I've Just Seen a Face
happy,c0716f84-ac5d-4a2a-8afa-3b292c2c71f2,Jason Mraz,Make It Mine
happy,eee23d70-5ba9-4d97-aff8-ce8854c0fcff,Bob Marley,Three Little Birds
happy,2ecf9d05-da46-43dd-af37-d2d24be3b2f9,The Kooks,Junk of the Heart (Happy)
happy,,Noah and the Whale,L.I.F.E.G.O.E.S.O.N.
happy,992f59fc-4fcc-4a13-88b7-60f8855093a0,Junior Senior,Move Your Feet
happy,9efdb106-4dde-4df8-9483-e1bfd0093489,Stevie Wonder,For Once in My Life
happy,e86b14c4-59e2-40d5-8ede-496cf851d7c7,Kid Cudi,Up Up & Away
happy,,Cansei de Ser Sexy,Music Is My Hot Hot Sex
happy,11db2eb6-3b58-4ad4-9aca-2cac4efc4852,Oasis,Songbird
happy,31458864-2255-4543-a94d-a8f45007b3f1,Kings of Leon,Soft
happy,e33d52b7-2ed6-4889-89f4-7a9e696eac37,The Beatles,I Should Have Known Better
happy,f583d864-92f6-4448-82c4-088c8b223cdc,Stereophonics,Have a Nice Day
happy,c8a91a3f-e5b0-4614-b822-f6748b01a34d,Toploader,Dancing in the Moonlight
happy,1e3c035f-c2c4-4d37-892b-9ba994b111e9,Hanson,Mmmbop
happy,5739db14-3b37-4e33-af55-994e8a4e2197,Clap Your Hands Say Yeah,Over and Over Again (Lost and Found)
happy,d87bfaae-99ba-42f5-8b77-7856e0e54148,Fall Out Boy,Hum Hallelujah
happy,2de2ab27-6fcf-46ec-8cd2-2ef5d51e39e8,The Beatles,Your Mother Should Know
happy,068f70b7-e60a-45b3-8f33-d24be4165cd1,The Cure,Mint Car
happy,27164e3a-a7dc-4570-9569-ebe9d89d1b60,Bobby McFerrin,Don't Worry Be Happy
happy,5022c40d-28db-4546-a0c5-0c662a1c89ea,Mika,Big Girl (You Are Beautiful)
happy,94dead8b-ce5f-4cf2-90d0-e9426e4d88bb,Cut Copy,Feel the Love
happy,bffddc7a-4970-4b09-a2ad-4bb067ddf475,Fountains of Wayne,Stacy's Mom
happy,624b2000-8cb6-4fcc-9e32-863afecc6663,Third Eye Blind,Never Let You Go
happy,8a9dd7c4-d47c-4307-930b-facaef59cae8,Santigold,Lights Out
happy,a8a997e3-4960-4ce5-b241-4ef69ce905e0,The Cranberries,Just My Imagination
happy,395317fe-db1e-467a-b465-a02e35a05517,The Beatles,Baby You're a Rich Man
happy,4846e7ea-0b83-4aef-93fa-fdac8d145147,The Beatles,For You Blue
happy,98b1de47-69b1-43cc-8c29-f2636f5cbaf0,Wilco,Heavy Metal Drummer
happy,3fa2f684-94b4-40ca-b2e4-517a4be0d0a4,Rusted Root,Send Me On My Way
happy,fbf932b0-efd3-4c87-8981-922bb8338f9d,Jason Mraz,The Remedy (I Won't Worry)
happy,8ac90f40-98e1-450d-8456-77d46ffd47fe,The Beach Boys,Kokomo
happy,35f1a1a9-1cf3-4db3-88b6-c540b3ae660c,Kimya Dawson,Tire Swing
happy,e2d8f08b-e96a-455e-8d63-77134b3be67b,Animal Collective,Brother Sport
happy,ddfa8267-ecea-4cc7-8445-cea958933aa5,Walk the Moon,Anna Sun
happy,ff3083f4-ddc2-40aa-b6dc-d771e1c056e2,Animal Collective,Fireworks
happy,87dbc086-4144-4ff9-8465-05a1371166f1,Passion Pit,Carried Away
happy,86c01d52-fc26-4ec8-aae9-c51f45df9488,Jason Mraz,Butterfly
happy,44f962fb-bb65-445e-8733-e926bcca9677,Gorillaz,19-2000 (Soulchild remix)
happy,4af4651e-f6d6-4406-9c18-fbbeeeb18c04,Grizzly Bear,Southern Point
happy,5c79c06b-44ed-486e-9a40-a8c2062c4aba,Neutral Milk Hotel,Song Against Sex
happy,dc43bf05-09eb-4742-ae2c-ceee41d8cf41,Sigur Rós,Við spilum endalaust
happy,,Justin Bieber,What Do You Mean?
happy,af7ed251-1f27-4eb2-af75-521a5c3d3270,Kylie Minogue,In My Arms
happy,c7c9016b-50bb-4cee-83e5-0f5f8cce0d39,John Mayer,Clarity
happy,87a239cc-9e5a-4377-8c43-ab879b876d8f,The Monkees,Daydream Believer
happy,42f8045e-7d3d-4f2b-874c-8515b3c8041e,M83,Raconte-moi une histoire
happy,498bac1b-471e-4f8c-9213-4cfba4deb40f,R.E.M.,Stand
happy,090c0965-5521-4f63-9c37-7633425d905b,Clap Your Hands Say Yeah,Is This Love?
happy,1ac99a68-e3b4-4b3d-95f5-c0aa9a2c9749,Kimya Dawson,Loose Lips
happy,e05db1d3-52c4-4228-90b2-31b271933c29,Paramore,Still into You
happy,7cf5a236-530d-4b55-b929-e9ccd8f1f740,Hot Hot Heat,Middle of Nowhere
happy,,Emilíana Torrini,Jungle Drum
happy,e37b3650-5078-445b-89f4-b927d46da2d3,Lenka,The Show
happy,8c30b395-3c3a-44ce-86f5-47cd5469c165,The Velvet Underground,Who Loves The Sun
happy,759a98e7-a4a7-408f-ae64-6b09885b0be3,James,Laid
happy,18c02873-10f3-4c9d-b79b-11f9a122de41,Belle and Sebastian,FUNNY LITTLE FROG
happy,4f10ccaf-a677-405d-aa7a-d779e4296c06,Belle and Sebastian,I'm a Cuckoo
happy,f97c8f0d-47c5-4a17-abc1-b12b7c79362f,Animal Collective,The Purple Bottle
happy,95cac6d6-125d-42be-b735-17ae5db887df,Taylor Swift,Shake It Off
happy,7001b760-1ed2-42fc-9439-56a19abb9b2b,Wilco,War on War
happy,20d21977-2351-4cf5-9e0c-52d0506b9d57,Coldplay,Lovers in Japan
happy,ff000760-419e-421a-a024-0fd67219a62f,Belle and Sebastian,If She Wants Me
happy,bcf5c376-b148-450b-a48e-37d282f986f1,Mika,My Interpretation
happy,31f82a23-4627-4113-9c66-ece92187d68f,Wolf Parade,Grounds for Divorce
happy,12c1c0d3-23b7-4086-bf55-7447e0df8172,Death Cab for Cutie,You Can Do Better Than Me
happy,2aa0e1bf-4a08-4f54-9af4-dbf1a3262aaa,Noah and the Whale,2 Atoms In A Molecule
happy,c386bbd5-6cb4-4e4c-b36b-d0cbf3b8db81,Alphabeat,Fascination
happy,5b19ab46-bdb5-4945-afab-9066c384b552,Owl City,The Saltwater Room
happy,173b407c-df73-4909-82cb-07554a9d058a,The Beatles,You Like Me Too Much
happy,25c1032f-4402-4f0c-9f75-1be2181fc93d,Weezer,Across the Sea
happy,51959032-13a6-4af1-8d19-8edb38283dbc,Goldfrapp,Happiness
happy,08d8f4e5-52ac-4c01-b997-0d47a600829c,Darwin Deez,Radar Detector
happy,,Sia,Cheap Thrills
happy,1a7e98df-5fbc-4ce9-b7a7-5ec0bd1f9c12,Say Anything,Alive with the Glory of Love
happy,,Lykke Li,Dance Dance Dance
happy,9c119f38-bc42-4b2f-b595-b5f739cb91d5,Clap Your Hands Say Yeah,Clap Your Hands!
happy,882a8c40-b184-446d-8510-88460a6a6f11,Taylor Swift,Fearless
happy,efcf0862-9628-48d8-9d77-01ea1563e1a4,Architecture in Helsinki,Do The Whirlwind
happy,76a12737-4cc8-49b0-87eb-119c28679f28,Mika,Billy Brown
happy,bac56375-a25f-4bf0-99e8-d5ab0838d6ed,Boys Like Girls,Five Minutes To Midnight
happy,34627acb-2086-469f-80a3-37922ac18487,We the Kings,Check Yes Juliet
happy,92d6c8ed-d8f3-4471-8975-8956546c0bac,Morcheeba,Rome Wasn't Built in a Day
happy,49b27419-b5f5-4807-8b14-9be4df0d7e4c,Buddy Holly,Everyday
happy,cdc2a44f-2e72-46f1-b7d9-629481050dab,Ingrid Michaelson,You And I
happy,70e1c87c-f662-4fba-ad17-3510f5206558,Mungo Jerry,In the Summertime
happy,640886f7-589e-47a3-891c-09ca2428cc5c,Bowling for Soup,Almost
happy,49af22eb-371f-4d15-a0a0-d1957be02c5a,Bright Eyes,Bowl of Oranges
happy,,Simon & Garfunkel,The 59th Street Bridge Song (Feelin' Groovy)
happy,08cca36b-9b09-4d44-8fa6-a97f869224ef,Bombay Bicycle Club,How Can You Swallow So Much Sleep
happy,c0d01e0d-c2b2-4b4c-aef1-b8f486c297ec,Metric,Sick Muse
happy,6646109a-d1c7-4b0c-bac0-2c93f9a0985f,Gold Panda,You
happy,d408f3ca-7abb-4a8e-b892-cef79f33dca5,Bob Sinclar,Love Generation
happy,fa3feedd-b912-43e3-a795-14061cea22e9,Los Campesinos!,You! Me! Dancing!
happy,5efb3f96-3d83-4173-b99c-453874bb542d,Belle and Sebastian,THE BLUES ARE STILL BLUE
happy,,Coldplay,Adventure Of A Lifetime
happy,885ec45d-8394-43d0-a402-80cd58503f7c,Clap Your Hands Say Yeah,Sunshine and Clouds (and Everything Proud)
happy,7a7f8825-532a-4586-93e4-8edfe3c958de,Tame Impala,Alter Ego
happy,5a662664-99bf-46dd-bef3-d7939886883f,Clap Your Hands Say Yeah,Heavy Metal
happy,2822380b-f128-419a-b6d8-4eb3bbe358ad,Belle and Sebastian,Seeing Other People
happy,1ff4c6af-044d-4c08-b32b-c007c3f22917,Kendrick Lamar,i
happy,d47bd90b-a0f5-469a-8132-56002b742c5d,Black Kids,Hurricane Jane
happy,43db0626-75cf-43c2-8363-1cb87f24fe6f,Cut Copy,Far Away
happy,97f979b0-0d61-4cb5-9946-b0ca6cfdb1ae,Sheppard,Geronimo
happy,63d87805-f9ba-4f19-9d5c-e92a26a7caf3,Mika,Stuck in the Middle
happy,8672f1cb-aa75-4e81-8b6f-0b04693a5939,Koop,Come To Me
happy,46c37906-e7a2-4b9c-8ded-358b831a3570,Elliott Smith,Baby Britain
happy,f02bc1ad-3e59-4d33-83c8-e54c7d2a6829,Mariah Carey,Fantasy
happy,,She & Him,In the Sun
happy,de31462b-34b6-4fb6-a73d-44f3e4251cc9,Gotye,I Feel Better
happy,36650b4b-08b3-4d03-be10-a114f0dd4040,The Beatles,Hey Bulldog
happy,,Vampire Weekend,Diplomat's Son
happy,d8cef84e-5eb6-4c51-b7ad-74070fca9495,Sufjan Stevens,Henney Buggy Band
happy,28fa37cd-4750-43a5-8353-8aea3fb28f2f,Bowling for Soup,Girl All the Bad Guys Want
happy,c96ab396-0c44-434a-93bd-15af764be153,of Montreal,Suffer For Fashion
happy,2418f4b5-fe9a-46fe-830d-a9244fb772fc,of Montreal,Wraith Pinned To The Mist And Other Games
happy,a1f30f65-4a21-4954-b553-b9fb815e5caa,Passion Pit,Cuddle Fuddle
happy,f9339fdc-5886-48a7-9b13-822fb42118b7,The Beach Boys,Surfin' U.S.A.
happy,24217205-e5a7-4992-9d01-597b80db469c,Donavon Frankenreiter,Free
happy,71256c23-a364-401d-9bcb-ca436542d7b5,Local Natives,Camera Talk
happy,f2a37353-f430-4c4c-b35d-4197e0d0aece,Weezer,(If You're Wondering If I Want You To) I Want You To
happy,6a1a26eb-681b-47b9-878e-6456126e5d07,Crystal Fighters,Plage
happy,c0071f77-86d0-4b0d-a36d-44c8af14dbe8,The Beatles,All I've Got to Do
happy,167940e6-e098-4b92-8ec4-9542982950c6,The Kooks,Tick of Time
happy,af994d19-6e64-4d10-a1b4-217caf14698d,The Beatles,All Together Now
happy,b76445af-f399-4278-87a4-3b8a9abdc646,Mika,We Are Golden
happy,386132ed-3c87-41d6-b288-4bbd002cae22,Owl City,On the Wing
happy,6124af9e-8d70-4db7-98d3-d50d2d59808f,Ingrid Michaelson,Be OK
happy,4d0b0851-9a90-4fa4-a655-aa67734f3ef9,Muse,Prelude
happy,,OutKast,Hey Ya! - Radio Mix / Club Mix
happy,d14b2f66-c901-4ba6-a67d-c11b5bac8524,Fall Out Boy,Chicago Is So Two Years Ago
happy,09d61d99-a82d-461d-bbd8-117a301019b8,Jim Sturgess,All My Loving
happy,3726c1d9-417b-4a3d-b91a-c3ddb6bc0545,Sia,Clap Your Hands
happy,80785c1b-1a65-40c9-9b0b-03679d3619fb,Jack's Mannequin,Holiday From Real
happy,32abc30c-3655-460d-b910-1086bf10e48b,Björk,Alarm Call
happy,a4b2eaf9-d90c-4e2d-b556-fea83d8e81dc,The Go! Team,Huddle Formation
happy,bac4609e-0ef5-4f2b-adfe-212efa57c02a,Hot Hot Heat,Bandages
happy,,Sufjan Stevens,"Decatur, or, Round of Applause for Your Stepmother!"
happy,fedf4ad0-8162-4a83-b639-d1975665a6b2,Stars,Set Yourself on Fire
happy,ffc4cd52-96f7-4d7f-9d60-ecab98864974,Katy Perry,Birthday
happy,dd06868b-ff3b-4149-8014-0ba025c9a191,The Smiths,Rusholme Ruffians
happy,b7f9aa63-4013-49df-8ecb-95349d354fde,Smash Mouth,I'm a Believer
happy,d1792138-07fd-4648-ae93-ca8924e2a8e2,Paul McCartney,Dance Tonight
happy,94bbb11e-7168-43d6-b755-e35ea244d4c6,Matt Costa,Sunshine
happy,9a36598c-c09e-4684-b7b1-1e4a8d421e68,Regina Spektor,The Calculation
happy,6025ab62-b934-4f37-b6d6-e44a515f7d18,Patrick Wolf,The Magic Position
happy,42fd2bdf-eb4b-486c-b144-d650013bd5b4,The Beatles,Devil in Her Heart
happy,90c3319f-fd5e-4734-a721-762ba29e99dd,First Aid Kit,Emmylou
happy,0a63264f-cd73-4ba7-9ba6-afa7bab6e1c0,Len,Steal My Sunshine
happy,527d8d0d-c2ff-4ccc-b382-aeac6e6be457,Awolnation,Kill Your Heroes
happy,52470256-888d-476a-be6c-d3b70da7c160,Gotye,In Your Light
happy,ae7289ef-69e0-4c77-acf2-ba599961068f,Nouvelle Vague,Ever Fallen in Love
happy,2a817be6-225c-48f9-bae2-df34b275172a,RJD2,1976
happy,ff98a20e-3745-45f4-8131-49c1aa5ddd9e,PJ Harvey,The Last Living Rose
happy,4bb6ca48-002f-4393-9acd-b76874fa606c,The Go! Team,Ladyflash
happy,f5d15753-c0fd-4492-b2e2-d198ed4a0221,Estelle,American Boy
happy,073b3a51-0cfa-479c-9ccd-ecfffe17877d,They Might Be Giants,Birdhouse in Your Soul
happy,c67fdce9-eac6-487f-a8f7-59f5358143ef,The Beach Boys,"Fun, Fun, Fun"
happy,210627d9-fc83-4ba6-8c03-1fe9fcd899ff,311,Beautiful Disaster
happy,365ab1cc-8659-4bdd-9b68-b2083b6ed3d2,Regina Spektor,Folding Chair
happy,2631464d-e4b5-4741-8ba3-9e45fa2978af,Passion Pit,Better Things
happy,,Zara Larsson,Lush Life
happy,7b6ac68c-eee1-4d07-830c-4dd148576cdb,NONONO,Pumpin Blood
happy,539f6f4e-6bc0-47d7-9d2d-c1e9ee4b5fbb,Animal Collective,Who Could Win a Rabbit
happy,e52b45be-c3f4-48d1-85fa-8370b50f03f3,Grouplove,Naked Kids
happy,b2c95b45-e1d0-4a56-aef5-a3cb4acb5d2f,Animal Collective,Chores
happy,7f93c6dc-c9ae-4a1b-b75e-fc55438ca05b,The Beta Band,Dry the Rain
happy,69851635-bae9-4655-8842-ad28e766b008,Leona Lewis,Happy
happy,8657c138-fed2-478f-abd7-bf7fe9cc2d68,Cake,Stickshifts And Safetybelts
happy,8d639901-0a7c-417b-93f7-d47a4e32c62c,The Asteroids Galaxy Tour,The Golden Age
happy,69f276ff-c162-4b2f-a8fc-09dc864f5b9c,Hot Chip,Colours
happy,8f61c330-79e0-4340-833b-4edb7703ed84,The Flaming Lips,Are You a Hypnotist??
happy,a5e50d23-297c-4c90-8ecf-a2db8b3e63af,The Unicorns,I Was Born (A Unicorn)
happy,09ba08ca-df8a-464e-9262-4f5be79d46d0,Belle and Sebastian,Sukie in the Graveyard
happy,70398ecd-1b0f-4c34-a1ed-10cb9286c6a8,Duke Dumont,I Got U
happy,23f5d991-1938-4163-983f-02f4eab5cb15,Ratatat,Swisha
happy,e53bd504-9db6-4cc6-a0e1-ae0c0c0f937a,We the Kings,Secret Valentine
happy,06f87c25-5db6-4e66-b6ba-cc75125f4dfd,Antsy Pants,Tree Hugger
happy,ccc5262b-f525-4338-8878-82cb10fc586a,Owl City,The Bird and The Worm
happy,1bb7cb9b-b542-4b86-9cd1-e6a671a26596,Feeder,Buck Rogers
happy,adf78217-088f-48c4-8807-6322955092b5,Architecture in Helsinki,Wishbone
happy,41189b9d-3f1e-45d8-84af-7c118221b3dc,Jónsi,Boy Lilikoi
happy,25d9a983-132d-4958-8b20-f0cdb059c2c7,Hellogoodbye,"Oh, It Is Love"
happy,eb911c74-8a98-4910-9bd3-88f2a0e798ba,Feist,Sea Lion Woman
happy,6deb7442-da6d-42e0-b759-f3521be42771,The Cure,Just Say Yes
happy,,Coldplay,Hymn for the Weekend
happy,30bd8b4c-3f1d-4d5c-9d06-9011fa97c9cb,Something Corporate,I Woke Up In A Car
happy,2f2fac04-2f19-4e63-92c9-a763cc800fee,Best Coast,The Only Place
happy,779c0e0a-4e14-4228-9c2c-ea8d20b4fdac,The Coral,In the Morning
happy,5c1e7c48-9625-4efd-8acc-588539d9e974,The 1975,Girls
happy,eff26f95-4c63-4fbb-915b-30fe1ad4617f,Sufjan Stevens,Come on! Feel the Illinoise!
happy,c0dff703-35bb-48a2-854c-8cd2f06da9a2,Eels,Mr. E's Beautiful Blues
happy,d262302f-0b24-4440-8341-2b291f3d53a8,Cut Copy,Take Me Over
happy,0e0a7de4-d8c4-4aa7-982d-166ebdd8cf29,Fatboy Slim,Don't Let the Man Get You Down
happy,262c808a-991a-4b8c-8fdf-3f39209cadf1,Antsy Pants,Vampire
happy,c9357ad6-4263-48e9-a562-6c953f1d9431,The Flaming Lips,The Yeah Yeah Yeah Song
happy,b25ddab1-8c66-4234-a586-ae0780cbf776,Noah and the Whale,Shape of My Heart
happy,847aa8aa-622a-4f0a-807d-209b9c614f8b,The Asteroids Galaxy Tour,Around The Bend
happy,7821ecb7-06e4-425a-a8cb-fa079e138861,The Avalanches,Stay Another Season
happy,edb706d2-8aa6-4811-bc35-0b182139383c,John Mayer,3x5
happy,cb917e14-b15d-4e77-9255-4c63482a6626,Architecture in Helsinki,Heart It Races
happy,,Belle and Sebastian,A Summer Wasting
happy,b7901827-c1af-4f97-a130-d2de8229267d,I'm from Barcelona,We're From Barcelona
happy,2bf007d6-37c0-4b77-b8ed-f89f9371076c,Eels,I Like Birds
happy,5b582a2e-fb57-499f-b681-a996d0f183ff,Angels & Airwaves,Everything's Magic
happy,f9274a04-c640-4228-ab19-5ef034b39b38,Matt Costa,Mr. Pitiful
happy,4f5120fc-7392-4720-b0f2-4d8a99c67f98,Camera Obscura,If Looks Could Kill
happy,8954bbdf-3e58-493e-a2e1-e15bf66ea4d5,Sheryl Crow,Soak Up the Sun
happy,368a15f1-fa31-4784-b2c4-9ebd1fdf78e1,The Dandy Warhols,Get Off
happy,62ebf874-f6ba-4df9-9a4a-944aebf1f07b,The Beatles,Please Mister Postman
happy,51dc07a1-1358-4d4b-a73b-cb365d852cfa,Belle and Sebastian,FOR THE PRICE OF A CUP OF TEA
happy,aa3b2ee2-eadb-4277-b4ae-8c92906bcf84,Belle and Sebastian,Wrapped Up in Books
happy,4f42fc46-4347-4bc5-8041-84cd851f2f8a,Hellogoodbye,"Baby, It's Fact"
happy,c14a0ae5-612c-479c-b2ff-4a0bf946024b,Andrew Bird,Oh No
happy,b5debb3e-d107-42d1-b2cf-b6caaeca2895,Devendra Banhart,Baby
happy,557ff7d4-934c-492a-8855-f9dadf126102,Edward Sharpe & The Magnetic Zeros,Jade
happy,14b00555-52c0-4760-98b2-e4f64839c367,April March,Chick Habit
happy,2025bb5d-797d-49c4-b559-7c8158f2d8a4,Belle and Sebastian,She's Losing It
happy,,"Albert Hammond, Jr.",In Transit
happy,f73f701d-3de0-4a04-8999-5a605609a1e3,Architecture in Helsinki,Maybe You Can Owe Me
happy,bd69d1e8-c7dc-4c82-b920-fb9bb7b8071f,Yo La Tengo,You Can Have It All
happy,7dbfaa13-4a9d-4389-8375-2a01ffaf9050,Bombay Bicycle Club,Luna
happy,8f027030-bb6a-4298-b47b-540b124799fd,of Montreal,A Sentence Of Sorts In Kongsvinger
happy,ba67754b-cf10-4516-93b1-f4d4d3f1a55e,OneRepublic,Feel Again
happy,2dcdf9c5-f7c4-4c22-a052-2019e015d4d0,Hellogoodbye,All Of Your Love
happy,7b5cc4db-7a1b-46f8-957d-9f9195847680,Avicii,The Days
happy,4ebc6e2a-671f-4068-b646-7f5f6931e64b,Panic! at the Disco,I Have Friends in Holy Spaces
happy,2bfe0f9f-359d-4002-a4c3-4ebe19d266a6,Eliza Doolittle,Pack Up
happy,ffcaba29-797a-425a-a4c1-bbf32b4cbc91,Jimmy Eat World,The World You Love
happy,aa9ac06f-3aa1-489b-a54d-5947101627fc,Sixpence None the Richer,There She Goes
happy,b4350356-e43e-40e9-9e09-906a70490c47,Animal Collective,Turn Into Something
happy,55797d0d-3234-454d-b6f5-16b8d5fd6737,Phoenix,Rally
happy,684dda32-3626-4641-82a4-bcee0bd84be1,Ben Lee,Catch My Disease
happy,8e45b5b0-cd1e-47ec-b51f-7606c0e015f9,Jack Johnson,Mudfootball (For Moe Lerner)
happy,9d0dffbe-3240-4770-b001-77f1409d7271,Hot Chelle Rae,Tonight Tonight
happy,0b894c6e-8c7b-493e-932f-28c365674442,Nouvelle Vague,Dancing With Myself
happy,14cf0b90-5596-465c-a8da-8b4c7e9e0599,Hot Hot Heat,You Owe Me an IOU
happy,24f40bcd-b063-4131-ba4b-9c0ab6847045,Owl City,Umbrella Beach
happy,aab2a182-8454-43a2-90a2-ea36909147dd,Oh Land,Sun of a Gun
happy,1f1bf1fc-e444-4266-8455-b7ac341ca793,Spoon,My Little Japanese Cigarette Case
happy,869af0d1-12b6-46dd-8892-04c58b24d0c3,The Beach Boys,Little Deuce Coupe
happy,a5d505ec-3017-4a8c-86ed-16588e04a960,Paul Simon,Kodachrome
happy,76f0b46a-d2a4-46e8-b488-64396d5b051d,The Romantics,What I Like About You
happy,e4367906-dc74-4aa0-8aab-a97bda1e3528,Jimmy Cliff,I Can See Clearly Now
happy,938d8fc2-4f08-4e1a-8efe-c0a69b331dc9,Los Campesinos!,Death to Los Campesinos!
happy,6dda7daf-4473-4fe1-97a4-e4a9943546be,Muse,Glorious
happy,4a07efef-ebff-4a42-9d81-5e07d7313365,fun.,All the Pretty Girls
happy,6b74f878-6c0b-4625-a878-cbabd81d0db2,Bobby McFerrin,"Don't Worry, Be Happy"
happy,92f79039-59dc-4dd5-bef1-63800fa51710,The Magic Numbers,Forever Lost
happy,21773525-caa4-4def-804d-900b5a57f41a,Islands,Rough Gem
happy,81dc35cc-a628-4f35-bcb7-0a2b5dba607b,The Lovin' Spoonful,Daydream
happy,02a71194-d15b-4999-88f9-12e973c59982,Stars,Elevator Love Letter
happy,30dcc9a3-52c3-4e2e-bc85-04dfd7ef8bef,Goldfrapp,Rocket
happy,929c01ff-3c63-447f-b1f0-8f96426ccb5a,Four Tet,As Serious as Your Life
happy,f59fa0df-3f2a-49c7-8407-0378bf4f5816,Belle and Sebastian,If You Find Yourself Caught In Love
happy,e27201fe-42c4-4a90-9715-4e8efc715e9e,The Beatles,It's All Too Much
happy,f4c1c58e-12f7-4c64-84d4-35f6122a0c4f,The Kinks,Till the End of the Day
happy,2402e096-eadc-44a5-b088-35fe1d9b5c63,Stars,What I'm Trying To Say
happy,fcee4640-bfd4-4fc5-891d-c20dd1e7b8bb,Stars,The First Five Times
happy,3a3f038c-b0fb-460c-bcb4-b69ac6a3ace0,Matt Nathanson,Laid
happy,cf7d5422-ade9-458e-b283-3ca26b9528e3,Belle and Sebastian,Asleep On A Sunbeam
happy,916b693d-0241-4aa5-8278-1f3635addcc4,Olly Murs,Please Don't Let Me Go
happy,a39cdc9a-93a1-433e-a4ef-c6d7016f3424,Foster the People,Best Friend
happy,,B.J. Thomas,Raindrops Keep Falling On My Head
happy,e9978858-0cde-4a16-a165-c868326a3048,Jason Mraz,I'll Do Anything
happy,b12d5c74-7b4a-4c6c-b790-1efb080aab28,Goldfrapp,Caravan Girl
happy,ffdbaffd-3794-48a9-9999-a9893be40ea9,Eels,Saturday Morning
happy,6ce2a08a-5c48-4c0e-be32-0f3b2cbf378a,Pete Yorn & Scarlett Johansson,Relator
happy,6d5d7e30-17b1-467a-b5f0-ff04f87e4e1a,The John Butler Trio,Better Than
happy,,Disclosure,You & Me (feat. Eliza Doolittle)
happy,f429bb1b-f8d2-44e3-9b96-7a201fd4ce7b,Sufjan Stevens,He Woke Me Up Again
happy,9af33d9b-b32a-4508-8007-1a7d00bac9f6,The Cranberries,You and Me
happy,,Jess Glynne,Hold My Hand
happy,fa1d7ff4-c175-435a-9723-37fc57d453dc,Weezer,My Best Friend
happy,8eac0b38-3a56-4b3c-a26c-e5f992c25f7e,The Decemberists,16 Military Wives
happy,,Jason Mraz,Lucky (feat. Colbie Caillat)
happy,fc3ce771-2191-41d0-9ead-edccb9352629,The Pipettes,Pull Shapes
happy,3e7db268-6649-45c0-9842-da29e0bd534e,Motion City Soundtrack,The Future Freaks Me Out
happy,5ccd47e1-5934-4b56-92eb-dd6036b6a201,BROODS,Bridges
happy,6329fbe4-74d1-45eb-987f-23c32e54646e,The Go! Team,Panther Dash
happy,c963bcb7-7ebb-4d2f-9c5b-492d4c5245a9,Cat Stevens,"If You Want To Sing Out, Sing Out"
happy,24bcd558-9f41-446c-82b9-3cafdb6e76da,Animal Collective,The Softest Voice
happy,559bbfee-d847-4196-a106-b9c8aa9aacff,The Go! Team,Get It Together
happy,d052b90d-163a-4fe9-aadc-5b99eed02771,Weezer,Keep Fishin'
happy,e895fc9b-24cc-4beb-b4e7-8b6c516a7e55,Billy Joel,The River of Dreams
happy,7482c7f4-cb64-4fae-992e-2bcfc2160cf8,Ben Folds,Zak And Sara
happy,df874aee-c54b-48bb-ac52-10b10df33cef,Monty Python,Always Look on the Bright Side of Life
happy,a3a6bce8-20c3-4686-8f82-105da887c9ed,The Holloways,Generator
happy,38cabd02-3c95-447b-a6fd-5f8a5b8771de,The Archies,"Sugar, Sugar"
happy,beb501d0-e8bc-4d99-9c19-5d25c786f3ac,Jason Mraz,Wordplay
happy,7897b6c4-ef31-477f-a928-0709c5cdf194,Björk,There's More to Life Than This
happy,4c900691-db9d-427d-8c74-9de486a01036,Devendra Banhart,I Feel Just Like a Child
happy,90ad778a-9939-4480-a502-7e89eb789182,Motion City Soundtrack,This Is For Real
happy,1ceefc1a-c0ae-46cf-8a60-36c9d37dc79d,Animal Collective,Cuckoo Cuckoo
happy,b8b48033-3b15-4787-be6e-a99c5076dd8b,Vanessa Carlton,Ordinary Day
happy,034a533c-7c93-4724-9e3d-f2d9a91771cc,The Go! Team,Feelgood By Numbers
happy,70db147e-42b8-44f2-9a51-5f111409d21e,Yellowcard,Life of a Salesman
happy,06acddf3-8f71-4a0a-b1b9-1dcff84ccb45,Cute Is What We Aim For,The Curse Of Curves
happy,d24102b3-da93-4bd8-a43c-8c75a0340bd4,John Mayer,Great Indoors
happy,3a51443d-4dd5-420e-995f-bcf44533ba7c,Youngblood Hawke,We Come Running
happy,db0c9134-737d-413c-9663-e40bb3eff17b,Oasis,She Is Love
happy,a1166c96-2dd1-404c-b062-150c03dfd570,The Boy Least Likely To,Be Gentle With Me
happy,,A Rocket to the Moon,shhh.. Just listEn :)
happy,d3d7575f-2ca1-4533-8f71-9e17a5d1a552,Jason Mraz,Sleep All Day
happy,f1f3e674-e205-4b5f-8577-20590aba1072,Mystery Jets,Two Doors Down
happy,0ce012f1-56a5-406c-bdf4-4e0233d28374,BØRNS,Electric Love
happy,cb28faa8-00f1-4dfc-b5fc-ceee8114992f,The Mountain Goats,This Year
happy,ffaa6bde-ab83-4d46-8a67-bea5e6cf7bda,The Go! Team,Junior Kickstart
happy,d2cc0c1c-618e-4d36-a649-3379944a7f53,Jamie T,If You Got the Money
happy,e06e1da5-f028-472a-bcfd-c047135ac0ff,Freelance Whales,Hannah
happy,,Incubus,Smile Lines
happy,93939cf4-c95d-4cf9-973d-f30f13906cfb,Colbie Caillat,One Fine Wire
happy,5911cfa5-8bb1-4906-ab19-c50e2d30b680,Jack Johnson,I Got You
happy,4c2206a6-8b91-4b7d-b408-8b37b8c303ca,Faces,Ooh La La
happy,94fdc9ed-80ff-4f09-b0a4-b7f9165af243,Architecture in Helsinki,"Frenchy, I'm Faking"
happy,9eb15779-66fc-4b72-b1cc-11f6f04d3913,Sufjan Stevens,Too Much
happy,ff4902ea-2083-4742-852b-5b41e4e811d0,Rilo Kiley,Breakin' Up
happy,cfd9b26c-eb51-48a6-8f70-7559bff1ba7f,The Go! Team,The Power Is On
happy,d7c999f1-b963-4e19-8955-077102e6c5a1,Architecture in Helsinki,It'5!
happy,bfafe4dd-bb0c-4248-ac2b-2ae167ef608e,Bob Dylan,The Man In Me
happy,f8fc1e12-9d6f-4d3a-9602-9ef4a6262026,Cat Stevens,Here Comes My Baby
happy,470a72fb-8663-472c-b1e6-00d53404b3e3,Stars,Soft Revolution
happy,e97e766e-965e-4a53-9fb3-cba52dc4b481,Modest Mouse,Out of Gas
happy,0982f3cd-2268-4330-88d3-7823deed9d35,New Found Glory,Hold My Hand
happy,ebf11bdd-0588-44c6-8d92-b029fee7d58d,Paul Simon,I Know What I Know
happy,0c92b0f8-9ab3-4845-a65a-511ba6b4370b,Architecture in Helsinki,The Owls Go
happy,dde00902-28f0-418f-af1b-4cc9e8a97e92,The Magic Numbers,Love Me Like You
happy,a27f16ee-c85d-411f-930f-6fde5bc499f3,Grandaddy,A.M. 180
happy,9e7e1305-3cf3-43f6-9be3-0eb9fcd05a3c,Passion Pit,Smile Upon Me
happy,0c860a6e-bf0a-4dcc-9da1-130833e27e9b,Badly Drawn Boy,Once Around the Block
happy,b1eca6a5-b589-4bdc-9e34-5f9e83ba5065,Rooney,When Did Your Heart Go Missing?
happy,8cdb2a9e-ec80-4058-9c0c-72dd6d30f63b,The Ataris,In This Diary
happy,e4031c28-f092-4b89-bbce-4bb2f3b62110,Cornershop,Brimful Of Asha
happy,28f55f9d-5cda-4b7c-8250-de788ef01cdc,Ben Harper,Steal My Kisses
happy,0a6dd51b-e2d4-4b9f-8288-b725843fdd8e,Matt & Kim,Lessons Learned
happy,,Travie McCoy,Billionaire
happy,7261ffb2-8670-43cb-8c2c-a8fc2ac18416,The Killers,Shot at the Night
happy,50a6e96d-3db8-4044-b302-67a8807a2580,The Feeling,Fill My Little World
happy,6824396f-acb6-4175-a5ac-918292cef637,The New Pornographers,Use It
happy,36dce704-b339-4ac0-8d7b-e64d4d98bf33,Eliza Doolittle,Skinny Genes
happy,3f6cb947-8a93-41b6-bd8d-bb2cd9bb2c2f,Stars,My Favourite Book
happy,8a56e88b-1dbe-4c2b-814c-55f3ec01bfca,Karen O and the Kids,All Is Love
happy,9205e3a6-1ab8-4b29-8c9b-187de4005271,Real Estate,Beach Comber
happy,f9f7905b-e813-4b4e-a942-f33221dbf5e8,Bright Eyes,I Must Belong Somewhere
happy,17b019b1-d975-4492-a891-80035c37573e,Ash,Girl From Mars
happy,5d109aaa-c4f5-47a1-a4f4-71632987cf3a,Architecture in Helsinki,Scissor Paper Rock
happy,de12f7ad-d86f-4ffe-a84e-7b5fe585a31b,The Go! Team,Bottle Rocket
happy,c52822b8-6daa-458a-ae27-80ab12328ffb,David Bowie,Fill Your Heart
happy,8a5051f1-fcd4-43a3-9cf0-59c5dbe2b8f9,Basement Jaxx,Do Your Thing
happy,ff6e1aee-47db-4257-a65b-2c999307a66e,Architecture in Helsinki,Souvenirs
happy,,Rooney,When Did Your Heart Go Missing
happy,8ec90eca-3f1e-4c7c-befa-042161c97782,Shout Out Louds,Please Please Please
happy,68c71245-dd8a-47e0-ba29-e150bb87aa2c,The Flaming Lips,Sleeping on the Roof
happy,d1cce958-0baf-45b7-ab4c-0b1375165004,Regina Spektor,Ghost of Corporate Future
happy,bb230fdd-11f5-4271-806b-6cb648477aec,Guillemots,Trains to Brazil
happy,779f0c73-8c69-4cf1-a16f-99d39ff3e89b,Cute Is What We Aim For,Practice Makes Perfect
happy,ee2d3f6c-436b-46ba-aeba-95228cbaa193,Belle and Sebastian,Roy Walker
happy,334c0190-4bec-4fc0-a5bb-e51002f39228,Hellogoodbye,All Time Lows
happy,256eff45-853b-403a-b671-26e077c731c2,Fanfarlo,The Walls Are Coming Down
happy,859fb6f0-b541-4df3-adc5-6baa047c27a2,Architecture in Helsinki,Escapee
happy,07fd70cb-a7c0-480d-8142-4effeed9e63c,Ray LaMontagne,How Come
happy,28a277cd-3012-4726-88b6-cd12c8bc7c65,Flight of the Conchords,Foux du Fafa
happy,dc3bc591-f6f0-4eb2-8e90-a1edb4700ddb,Manu Chao,Promiscuity
happy,ffcc1b43-a189-4125-93b5-e91270ec32cf,Coldplay,Ink
happy,e8f0dbf7-cc39-453e-8dcd-2ec07c3884ae,Bedouin Soundclash,When the Night Feels My Song
happy,ee087041-7be6-4ea1-8708-b1f6b6b3651a,Paolo Nutini,Pencil Full of Lead
happy,041c52cd-272a-4f69-bbad-ac02b4c02b18,Bleachers,I Wanna Get Better
happy,bdf18ec5-85c8-408b-8887-11eeb7efaae8,Scissor Sisters,Music Is the Victim
happy,63a782ef-6de3-4db1-b3ec-1d7c8e017115,Islands,"Don't Call Me Whitney, Bobby"
happy,c6bb675e-f161-4b07-ae5c-a85d02796215,Traveling Wilburys,End of the Line
happy,d5654197-5cfe-4acb-b0bd-dd66468fd241,Nelly Furtado,Força
happy,a9aa300c-8109-49fd-9f67-bf3001362d1d,Jessie J,Abracadabra
happy,611f7b9d-76aa-40a7-aa92-0e3c3a34d572,Chromeo,Jealous (I Ain't With It)
happy,835998a4-b70b-4226-acf9-94bad519f346,The Decemberists,Billy Liar
happy,,fun.,One Foot
happy,e31513c3-544d-4fb0-a368-5c71671874e6,James Blunt,Stay the Night
happy,d7e4e53b-2804-4ef2-8b96-d3d50bcfef10,Jónsi,Around Us
happy,90cacfef-3b30-4ff5-a6d5-11b5244733cc,Israel Kamakawiwo'ole,Somewhere Over The Rainbow
happy,73969f3f-691b-404b-b005-06f3929b4210,Motion City Soundtrack,Capital H
happy,a93ecb56-62fd-472d-8b93-ba3fbd4668e0,Jason Mraz,Life Is Wonderful
happy,ee898790-133f-445a-874f-d996abd843af,The Beatles,I'm Down
happy,0873ccba-83f6-40e6-9131-4856b27049e2,Architecture in Helsinki,One Heavy February
happy,1b9355d7-44a1-4a99-a6a0-bbd598958457,Noah and the Whale,Life Is Life
happy,ea87dcb2-e909-4e78-883c-cd366fcddf5a,Sufjan Stevens,"The Tallest Man, the Broadest Shoulders"
happy,42ca56cf-4099-4af6-8fc5-2e6a9f385550,Hellogoodbye,I Saw It On Your Keyboard
happy,ea9a7add-7e15-4aee-b124-14bbb8d5b171,Jem,Wish I
happy,91dfeea8-63f4-46f7-a3a0-947ebc696d41,The Decemberists,The Legionnaire's Lament
happy,4fd6ae87-2eaa-4754-b575-15cfc5903fae,Dispatch,Bang Bang
happy,f97b4a41-6289-4847-b3ca-5ec11bebe965,Devendra Banhart,Lover
happy,60f0d58c-190a-4f24-8f0f-2b36bc4fbd8a,Jens Lekman,The Opposite of Hallelujah
happy,61b01add-917c-4fe4-9938-270831a671a0,Rooney,I'm Shakin'
happy,d29cd6c1-f765-44a6-adc9-c5c8081d41c9,Paul Simon,Homeless
happy,8b49c5a8-7eb8-4e85-8144-ba5fba0f4085,of Montreal,Requiem for O.M.M.2
happy,86a1e87a-4c7d-4b23-bdb8-c0bb0a8c32e6,Shout Out Louds,Tonight I Have To Leave It
happy,8e9508df-4e1e-4669-b411-19d3cffbf564,The Summer Set,Chelsea
happy,280afa21-e512-461f-811a-efbb3948274b,Plain White T's,Rhythm of Love
happy,34c6765e-a256-4cff-95c7-3150a288f447,Cage the Elephant,Cigarette Daydreams
happy,,Passion Pit,"It's Not My Fault, I'm Happy"
happy,4553bb54-8e0e-4bfc-a718-11024247203a,fun.,At Least I'm Not as Sad (as I Used to Be)
happy,9fde9b1d-c621-45d5-a9ea-2af7ddc8984b,Neon Indian,Psychic Chasms
happy,ad524a08-6b03-41c3-8865-78e8ec65a94f,Aqua,Doctor Jones
happy,be639049-9016-4d6f-988b-e2b91c24e2a8,Built to Spill,Sidewalk
happy,c86d66a8-c76c-409e-bcdd-0f43b84e75a9,Shakira,Rabiosa
happy,2c93639e-f741-4bd8-8da7-098eeb0afecb,Justice,Helix
happy,119913e9-60d4-4f69-a4e5-26accaebfd46,Architecture in Helsinki,The Cemetery
happy,d409bc56-ed7b-46ee-9242-a09fd59be1ad,Róisín Murphy,Ruby Blue
happy,7bfe57f9-9732-45b7-bb2f-0843b128392b,Sugarcult,Bouncing Off the Walls
happy,39386665-d119-4f3e-b12b-e0e71d137750,The Apples in Stereo,Energy
happy,13a26738-ec0e-4cca-b97a-24085d4915f3,Jason Mraz,No Stopping Us
happy,7c091ab5-360a-4900-a1b7-5f31b2c693d3,Tennis,Origins
happy,d96368ad-59be-464a-914b-7f622a1c9f3b,Scissor Sisters,Fire With Fire
happy,048b3780-4551-4b68-9492-11cd21f4d8f9,Jeff Beck,Hi Ho Silver Lining
happy,0bfb160b-2291-4313-93f7-68aa2ae0ce97,Eagles of Death Metal,Solid Gold
happy,ef90b004-396f-41b9-af5b-7be52db2b974,The Magnetic Fields,The Luckiest Guy on the Lower East Side
happy,ee04d6e2-5fda-4ad6-bf69-bf7b738716d1,Paolo Nutini,Alloway Grove
happy,00d236fd-4038-4bbb-9f3b-fb2c0d5d1cd1,The Kinks,Everybody's Gonna Be Happy
happy,63026c60-e046-42a6-98ab-0ec96d1a99c2,Sublime,What I Got (Reprise)
happy,eb77d8e7-c968-4836-8aca-f665b5998636,Sugar Ray,Fly
happy,c7c4e426-3df6-432b-ace9-7056c52dd41d,The Zombies,Care of Cell 44
happy,14fde4e1-d152-4be5-ab87-e630c0d8af94,Ben Folds,Landed
happy,3e748ec4-c254-4869-ae18-5f5221203ef0,Smallpools,Dreaming
happy,e47f14b1-0cf8-44f3-927f-cc18a1cb2788,Wilco,Theologians
happy,e6d2ec2a-af17-4c2a-9191-de671f8c2ff3,Chromatics,Kill for Love
happy,e3ad2574-785f-434f-a2cf-0d16e4a6b1fd,Hot Hot Heat,Island of the Honest Man
happy,0f27ba00-be73-43ef-97e5-4a4be736ae25,Lemon Jelly,Space Walk
happy,9cdbc388-5969-49cb-bc9a-85727ea8879e,Best Coast,Happy
happy,6e0c9a94-bb9f-4319-bd58-003e6d57b7a1,Jason Mraz,"On Love, In Sadness"
happy,244138ff-b119-48ca-a7d7-023380b49f32,N*E*R*D,Run To The Sun
happy,264d3f0f-7c48-4ba2-a7d3-7629710c11a9,Owl City,Rainbow Veins
happy,613b3174-8276-43e9-8d04-8bf2269f4cb6,Van Morrison,Wild Night
happy,59df3e46-0f47-4209-a826-c0aed63e3d78,Regina Spektor,Don't Leave Me (Ne me quitte pas)
happy,d2fa726d-169c-477d-ada5-9d9f5b26829d,Phoenix,Chloroform
happy,b3e137fd-e328-4ac4-93e9-7f6d8b0d713b,Counting Crows,Hanginaround
happy,7b37d38e-77f8-49f5-857e-81e38256dd98,of Montreal,The Party's Crashing Us
happy,732e85c9-fa51-476b-b45a-0c9ff1e08b05,Panic! at the Disco,Let's Kill Tonight
happy,117257ef-e7e4-4bb1-b1bd-bd7398b92f96,The Decemberists,The Soldiering Life
happy,027c1be8-4151-4024-a0e6-d1bf5674446a,Norah Jones,Happy Pills
happy,c6cfa510-9822-4bd8-be8c-3df5025f9370,Mogwai,The Sun Smells Too Loud
happy,6ecfe750-664c-4562-a6cb-cd4d4c807e01,Brett Dennen,Darlin' Do Not Fear
happy,22b4a9ae-bcc1-4814-9f8d-0c61768878f5,John Lennon,Oh Yoko!
happy,b39816e7-3100-4316-a4f8-6520bb38bfec,Noah and the Whale,Rocks And Daggers
happy,48ed5ee0-197e-4e41-a622-7d4ff84717a4,Dirty Projectors,No Intention
happy,39177079-24e0-49b3-bf11-9415fc249a29,The Lovin' Spoonful,Do You Believe In Magic
happy,cf56afdb-e3bb-4366-9921-d8ba8479cee9,Belle and Sebastian,The Model
happy,17bc8ba6-a7ca-4860-a491-98a68a51e817,Bombay Bicycle Club,Evening / Morning
happy,78e04689-b428-49f8-8a51-e13aa4e1d77f,The Flaming Lips,The Spiderbite Song
happy,3c64c033-0234-47ad-883e-fe1c89ceac9f,The Avett Brothers,Kick Drum Heart
happy,e4c7336d-5c2f-48c0-9ee7-e6e6aa5a8803,Architecture in Helsinki,Need To Shout
happy,6d170508-3ada-4a62-b85a-4a9957500306,The Unicorns,Jellybones
happy,e1ca165a-e820-4989-8297-75c8ca8f5534,Noah and the Whale,Tonight's The Kind Of Night
happy,,Sufjan Stevens,"The Black Hawk War, or, How to Demolish an Entire Civilization and Still Feel Good About Yourself in the Morning, or, We Apologize for the Inconvenience But You're Going to Have to Leave Now, or..."
happy,b1ba0087-cf7c-4da0-bcd8-5f1fda42fc16,Johnny Nash,I Can See Clearly Now
happy,f529eb00-5823-4fd6-ae2c-3c377e2cecdb,Van Morrison,Bright Side Of The Road
happy,ba738ef9-c42c-4d57-a61a-bd1deae4239d,Oh Land,White Nights
happy,9a897f6c-05ac-47fe-9c3f-37a8c12c4916,Gold Panda,Marriage
happy,237aa76c-c252-4a72-8fdd-3a6df53fe583,Iggy Pop,Success
happy,0d68e426-9a5a-4c3e-b0fc-e6a52ab525a6,The Shins,We Will Become Silhouettes
happy,,B.o.B,Magic (feat. Rivers Cuomo)
happy,16d06a9e-382c-43eb-a668-a147402e9f49,The Temper Trap,Need Your Love
happy,198b62d2-93b2-45e7-bc16-dbc8b5795c24,Ratatat,Flynn
happy,3921b2ba-c910-437e-add1-655d667f40bd,Four Tet,Smile Around the Face
happy,e5815562-e031-4127-aaa7-6360b8ed6188,Slightly Stoopid,Sweet Honey
happy,3b9394ed-4b26-428d-a50f-7dd2c67c8dab,Little Joy,Unattainable
happy,ce796381-ab79-4516-be2f-e5720c6b234e,Taylor Swift,Ours
happy,20eef39f-2ffe-4454-910c-256e33d8ccba,Paul Oakenfold,Starry Eyed Surprise
happy,9b42e1c6-3c6f-4971-a920-ed362cd3fe08,Maria Mena,You're the Only One
happy,9a11e7f9-c5dd-40d4-ae8c-709e658cb756,Jamie Lidell,Another Day
happy,98647f97-9f8f-466a-9a04-d1035d4ff152,Fountains of Wayne,Hey Julie
happy,10f5c42e-05bf-450d-8a0f-3f8e69fda472,The Kinks,Picture Book
happy,6d2d903c-8de2-4173-b861-eeff758ffe9a,The Feeling,Never Be Lonely
happy,ad8459a6-f928-4479-9a70-3d96cf277a5b,Real Estate,Out of Tune
happy,,Feist,One Two Three Four
happy,9b14ab6e-bccf-4882-886b-e9e40f302c9b,Dave Matthews Band,Stay (Wasting Time)
happy,01cea7f9-2629-41f5-b891-5102ef8cee52,Tristan Prettyman,Love Love Love
happy,73de2889-0797-47e0-a80f-1f8ec8f27d1b,Klingande,Jubel
happy,5d5db2ae-184c-41cb-a73e-ad7ea4f3b4f3,The Go! Team,Friendship Update
happy,7e3732ea-1175-4413-823d-f967cec2cd86,The Darkness,Friday Night
happy,8cb552d0-993f-497e-9198-eeb8a2a66834,The Pains of Being Pure at Heart,Hey Paul
happy,a6d61957-32e4-4450-b79c-f3149a3c26ad,New Order,Krafty
happy,436f6533-2c40-4f84-9220-fd848873fa45,Belle and Sebastian,Women's Realm
happy,cd270a04-69de-4d79-b82e-3a49a2ad3d88,Manu Chao,Trapped by love
happy,,Lily Allen,Everythings Just Wonderful
happy,da48c3c0-4e87-4e8d-9b33-8cfe563f4267,Talking Heads,(Nothing But) Flowers
happy,48bdc28e-8b00-48f6-9048-1643fd561891,Gene Kelly,Singin' in the Rain
happy,256f6d43-2805-4b41-a7bf-2b30374f4150,Asher Roth,Fallin'
happy,b16e36e4-fbca-4bbb-ae8c-f3e1f0c60e97,Hellogoodbye,Shimmy Shimmy Quarter Turn
happy,39a2f5e8-d38b-40ad-8f9a-6b6c386c47ba,Michael Bublé,Come Fly With Me
happy,5009f9a3-2207-42d0-a5c7-345e27375ccf,Lemon Jelly,Nice Weather For Ducks
happy,ce84bab2-8534-4760-bd7b-00e65d41a6e1,Unknown Mortal Orchestra,Swim and Sleep (Like A Shark)
happy,d69d3eb7-6666-43ac-9593-25836e4a65a4,Garbage,Cherry Lips (Go Baby Go!)
happy,0d984b2a-3e3c-47b4-ab45-e4691e6c426c,Los Campesinos!,Drop It Doe Eyes
happy,fcc98416-d5be-478e-acbd-eeb1aaf0c065,Herman's Hermits,I'm Into Something Good
happy,,Phoenix,If It's Not With You
happy,69b8b65b-b05a-421b-9c61-62bf26f73873,The Spinto Band,Oh Mandy
happy,3751d431-1fe2-4165-bb31-37d9d87d6835,The New Pornographers,Mass Romantic
happy,2cdd23ba-2e16-4f0f-b8f3-1b2a5fd41c91,The Feeling,Love It When You Call
happy,72227512-307c-48eb-b265-7a1dae561316,Nada Surf,Blankest Year
happy,372ba33c-e42c-45aa-9b50-6d9c6827042a,The Bravery,The Ring Song
happy,,The Flaming Lips,Yeah Yeah Yeah Song
happy,dc3fb64e-4469-4cda-8f5e-ecf04699f831,One Night Only,Just For Tonight
happy,ee7911ab-8e8a-4a11-9b3d-1d363afe72d5,Rilo Kiley,My Slumbering Heart
happy,,Imagine Dragons,Working Man
happy,63ec2e34-0e34-47f0-b172-cc8a9a3be691,Labrinth,Let the Sun Shine
happy,f961df1f-53b6-49d2-b908-662a35506a0a,Iron & Wine,Tree by the River
happy,8942e59e-04f9-4265-a6f5-895ca681773e,of Montreal,I Was Never Young
happy,5ef3cb50-0e1e-496f-9db4-b5c1d93ad5f2,Architecture in Helsinki,City Calm Down
happy,f05cd82c-13d1-4d5b-8c3c-12fed837a7e5,Jimmy Eat World,Electable (Give It Up)
happy,b4e16934-c7d7-4960-9d3c-3924353c4740,Jimmy Eat World,Here It Goes
happy,083e41fa-e569-4011-bfc5-6e99c75069e8,Hellogoodbye,Touchdown Turnaround (Don't Give Up On Me)
happy,acc5cca3-510a-4505-8255-e26b722563a8,Gavin DeGraw,Crush
happy,37efe355-ef6e-4431-9adb-041b637e4fba,Chromeo,Momma's Boy
happy,4552a209-ba8d-4579-8778-8f7d6108cf3a,Morrissey,The Youngest Was the Most Loved
happy,8b28015a-b8b3-47e8-abc8-9ea24ff5e71d,The Format,Snails
happy,da2bc2d8-16f7-4c55-a368-c752e674ddf5,Dashboard Confessional,Hey Girl
happy,d1dca853-36fb-43eb-bedd-923eb2449718,Matt & Kim,Spare Change
happy,333bb901-c6e0-44f0-9f91-98e5f6df8a1b,Colbie Caillat,I Do
happy,42e8b140-c289-401e-aa77-762ee757cdef,The Futureheads,Le Garage
happy,0f12d6ec-8e61-4dc7-a9a8-7eaf4538b1f5,Friendly Fires,Hawaiian Air
happy,701bf376-b77d-4064-b58c-333fa6b1376e,of Montreal,Forecast Fascist Future
happy,be910956-c5a1-41f1-9129-bd94eb2a0639,The Unicorns,Ghost Mountain
happy,a817cda9-f638-415d-a8cd-bd2ce3dd8a59,Dave Matthews Band,Everyday
happy,240710ca-0248-4cc7-a9bd-42b553e93e1f,Wilco,Walken
happy,f886159a-a4a3-49ca-a0b4-95aa587375a1,Owl City,The Technicolor Phase
happy,509dfa1b-2142-4759-9a9a-3cc713e6312d,Noah and the Whale,Love Of An Orchestra
happy,,Hot Hot Heat,Pickin' It Up
happy,9ccc7907-8a68-4ece-babb-17457a7abe8e,Grouplove,Lovely Cup
happy,,Years & Years,Shine
happy,3f76033b-88f5-4d01-aa41-f328b1220af7,Starsailor,Good Souls
happy,,The Flaming Lips,Buggin'
happy,47056562-a09c-4fa7-9798-dc4a30e03d48,The Cure,Doing the Unstuck
happy,da368c13-29bf-4dd2-9df5-9b12cb53d596,Wilco,I'm Always In Love
happy,1a7e7bb2-562b-421d-8f76-71c44e867a66,M. Ward,Never Had Nobody Like You
happy,552d92b8-5f67-4f36-8698-51231cdc8114,Kate Nash,Kiss That Grrrl
happy,39069654-8f53-463a-8fdc-67739c3d491c,Missy Higgins,Scar
happy,814730d9-8cd2-4ba5-a253-25ef98fe9ea6,The Beach Boys,Do It Again
happy,1efdfd8b-9a67-4442-ae09-cbc553ccf704,Crystal Fighters,You & I
happy,5714178d-6cc1-4787-84d9-198fd6691fcf,Fiona Apple,Waltz (Better Than Fine)
happy,,Cansei de Ser Sexy,CSS Suxxx
happy,8f8ba24e-8f7a-499c-864d-b3ae6f70305f,Something Corporate,Hurricane
happy,b266a178-57d5-4432-b06e-ec421829dcf0,The Wannadies,You and Me Song
happy,ea383572-0d4b-4c5c-a32f-5af898b4378b,The New Pornographers,The Laws Have Changed
happy,ad42b406-1192-49e5-97e4-5455a4461d5c,Friendly Fires,Blue Cassette
happy,8f0fe631-c123-456f-bf30-b227d921ed70,Someone Still Loves You Boris Yeltsin,Oregon Girl
happy,09f75557-a240-43d2-925d-da37fe901ee8,Vampire Weekend,Diplomat’s Son
happy,f4fdfad8-075a-46df-abe0-c4c49632c68a,Mr. Scruff,Spandex Man
happy,d32b5732-a2d3-4036-a270-64918a0d6de8,Cobra Starship,Smile For The Paparazzi
happy,3dcd9956-56d9-4670-a750-7b99132cc6e1,Bowling for Soup,The Bitch Song
happy,381bc3d8-278c-438d-bc06-8c5c78881686,The Fratellis,Look Out Sunshine!
happy,e76337ff-eef6-4a77-830a-b483583cb661,The New Pornographers,The Jessica Numbers
happy,86ad0b10-24c2-40bb-9304-8a5e4475969d,The Beatles,You Know My Name (Look Up the Number)
happy,30701589-b587-4ecd-9ec2-4b87eb2e912d,Harry Belafonte,Jump in the Line
happy,8cfe7abc-0d04-479d-ba8e-965120b3222e,Matt Wertz,Everything's Right
happy,afaada77-2f3b-4974-b6fa-aed1c525206c,S Club 7,Bring It All Back
happy,91ef4f9f-ccca-4a61-ae11-988cbc512966,St. Vincent,Black Rainbow
happy,,Martina Topley-Bird,Poison
happy,283783cb-42de-4251-9a14-d92e49c53c5d,Chairlift,Amanaemonesia
happy,751868b9-14bb-4ed5-8068-2398aadd3be7,Ben Kweller,Falling
happy,d3726f9f-886f-4b33-8312-5fd669bbde18,Rob Thomas,Streetcorner Symphony
happy,ffa60b60-dfb3-4298-a1d3-22017cc4c90f,Nada Surf,I Like What You Say
happy,5bfa887e-539a-48b3-bc52-bceaadae2a50,Relient K,Must Have Done Something Right
happy,f024b4f3-9fd0-416c-a7e8-79b4e708d314,Architecture in Helsinki,Fumble
happy,045f251f-4b9e-4be3-943e-23455ab09c97,The Blow,Parentheses
happy,5ee2fa28-65a2-4b9d-aeac-fe49c3cb083d,Wild Cub,Thunder Clatter
happy,3d2db841-8a35-498e-a0a3-fda6df2a3c0b,Texas,Inner Smile
happy,5da44a2f-abac-4f6c-8199-348e40a1d68f,Fatboy Slim,Gangster Trippin
happy,7901731c-8879-46c3-ad77-25fb8b9c1c29,Super Furry Animals,Hello Sunshine
happy,d76ac4f7-b699-405c-ad1d-b5a7d9ba83f4,Oh No Oh My,Walk in the Park
happy,41630a89-5cc6-4e88-bbfa-057f52ca9d48,Neutral Milk Hotel,[Untitled]
happy,7a3cc453-0d17-4d60-81fa-e9151b8e78c7,Devendra Banhart,Chinese Children
happy,40396702-167a-42ba-bf14-8e3e4adbdb18,Volbeat,Heaven Nor Hell
happy,818df58f-c058-4abf-839d-217d4a220562,Architecture in Helsinki,Kindling
happy,e3fc34fb-e036-497b-8b7c-0d36bdb25200,of Montreal,So Begins Our Alabee
happy,67b93b70-dce2-421c-b9b1-7e712ed5e0ce,Beulah,Popular Mechanics for Lovers
happy,c9cee77a-f7ec-4619-86f3-64bd7de28a2a,Gotye,Learnalilgivinanlovin
happy,c8a59304-5c5e-47be-935c-21a98538cf0f,The Format,Oceans
happy,de96af98-96b5-4123-852d-4a9da3edc0a1,The Format,The Compromise
happy,db27bcac-1adf-4cd7-a566-2281f8334aac,Grateful Dead,Touch of Grey
happy,fe1981ca-6bc1-434d-852c-8596b5275c86,B*Witched,C'est La Vie
happy,565ab6a9-c745-49ee-868d-4b0397d6fa5d,Wyclef Jean,Perfect Gentleman
happy,78828028-d418-4101-8b43-ec7c6369515c,The Beach Boys,"Dance, Dance, Dance"
happy,d63aea7b-7495-4253-859f-e48f608041f8,Matt Costa,Oh Dear
happy,c875f1cf-9c3e-4f79-9729-ce3393047c80,Belle and Sebastian,Come On Sister
happy,dc32f0f2-a8eb-478c-85cf-9fed52c2d726,I'm from Barcelona,Treehouse
happy,549ea930-471c-45d7-b63d-83d1b28aa9ef,Alex Clare,Up All Night
happy,79643c4b-a696-4a1c-b2ca-3b91bd7681ef,Groove Armada,But I Feel Good
happy,f4e52eda-2723-45d4-a0d7-2c7928727421,Scissor Sisters,I Don't Feel Like Dancing
happy,e09d6144-2234-4f0f-acd3-1ab757f12a47,Janet Jackson,Someone to Call My Lover
happy,46eae56b-b1d9-4ae6-a0e2-2530be72b061,Sufjan Stevens,The Henney Buggy Band
happy,070a3ce4-5cdb-4a99-8b1c-675c02eaf236,Ladyhawke,Morning Dreams
happy,f324482f-f88a-426e-b0d2-d5b551c7cdc9,Architecture in Helsinki,Spring 2008
happy,8b35a9dd-3488-4027-8921-78d2077c46d3,Regina Spektor,Dance Anthem of the 80's
happy,d8a129fe-1809-45e0-ae81-e9b64ba518a9,Ben Folds Five,Smoke
happy,,Amerie,One Thing
happy,1eae6f92-e6d5-4a97-b478-3528b5dc834a,The Fratellis,Shameless
happy,409b333a-b5f8-4aa5-a2d2-892094719e4e,The Cure,The Perfect Girl
happy,1ec6b12c-90d7-48e7-b7ea-4d56b399025a,Mika,Blue Eyes
happy,8e3bfd0c-c02d-45fb-8b8d-7b0d77e41094,Forever the Sickest Kids,My Worst Nightmare
happy,9fb34811-27b1-473d-a050-60be60401085,Architecture in Helsinki,Contact High
happy,55a61384-8e8d-4513-8182-58c2ce1b1bdc,Paramore,Daydreaming
happy,,Matt & Kim,Block After Block
happy,bef522cf-564d-4a95-a7ba-2baaebfe2c4e,Joe Purdy,Wash Away
happy,29269ecb-169a-4678-ae95-2bd410f8d39c,Los Campesinos!,Broken Heartbeats Sound Like Breakbeats
happy,20c0c1f6-b098-4a09-b674-9b4b9de34efa,Bright Eyes,I Believe in Symmetry
happy,65593874-83a3-417a-9e25-89934cddcbd7,A.C. Newman,On The Table
happy,feacc2a9-67f8-4d04-ae24-c330e4d52193,Eels,Hey Man (Now You're Really Living)
happy,60ff51f0-6ec0-4025-96d1-62c22d7481d1,Devendra Banhart,Some People Ride the Wave
happy,5730af27-2b56-43f7-a69c-9186b610e87e,Alphabeat,Boyfriend
happy,c7d3d1ad-0e3d-4a77-a9f4-10f4f690d0ec,Cœur de Pirate,Comme des enfants
happy,ccc0d019-d62b-4285-9fa9-9f4e20aa860d,Islands,Jogging Gorgeous Summer
happy,1acbf16f-7b39-4b1c-844b-ab73bdcb9dfd,Gold Panda,Snow & Taxis
happy,f9ca8db3-5dae-4682-9398-fa88927948fc,Sia,The Fight
happy,acbbeba2-6705-4a63-b79e-a8b6a573a39a,Tori Amos,Happy Phantom
happy,61598384-ec1d-4fd1-87a2-31b2643ad4b6,The Rumble Strips,Girls And Boys In Love
happy,292e6cbf-6d63-4dec-838b-72720c043a20,The New Pornographers,Streets of Fire
happy,0273fc10-9c9c-48d3-9c27-eb7ad2f5abee,Islands,Humans
happy,3e802170-3b0d-411f-9c96-e573d7d4c14c,Ween,Ocean Man
happy,36218581-e1fe-488c-961e-445720f1ea2a,Modest Mouse,Novocain Stain
happy,6bffd070-3574-4476-afd5-2f905985cc23,Annie,Chewing Gum
happy,35025e92-e056-4efe-9b3e-03f4bbde4129,The John Butler Trio,Good Excuse
happy,3c0f86c4-fd03-4b43-a0c0-b78da5da1842,Pixie Lott,Here We Go Again
happy,a59c5f97-eade-4f3d-af76-eec57401c216,Freelance Whales,Generator ^ Second Floor
happy,a80ab8cd-9992-4aae-8ecf-ceadf1ef04a5,Lily Allen,Air Balloon
happy,4e984353-bd27-42ba-8ebb-b8a1d278640d,Ellie Goulding,Goodness Gracious
happy,a102d29a-e770-4ede-b2bd-1d0363a20cc0,RJD2,Clean Living
happy,,Emilíana Torrini,Big Jumps
happy,75e493ee-9992-4693-8e1f-91c32b821a6b,Sugababes,Denial
happy,fee84571-e224-4717-9578-742135612528,Mando Diao,The Band
happy,11424d9b-708b-42ea-9341-c9352212e012,CocoRosie,Japan
happy,1ce6ccf9-4646-4700-8632-5fea4436269f,Manu Chao,Papito
happy,c5c6d781-2f87-4a8e-9779-625dfc4bb7b5,John Lennon,Whatever Gets You Thru the Night
happy,e717874e-55b0-4941-aa79-8bd92a79a1e6,Guster,Amsterdam
happy,ed02a807-92ce-4d45-960c-6408e9a91590,The Posies,Love Comes
happy,8e84b8f2-277c-4981-97b7-0a8a96f09c51,Kerli,Tea Party
happy,30e39204-bc12-47a3-a7f3-8cd9ba5c39b5,Architecture in Helsinki,Hold Music
happy,72bb92ab-873c-45d7-a54a-53c78cd87591,The Royal Concept,On Our Way
happy,bb2d5463-5833-4e60-89e5-8fb2d70e257e,Anberlin,Adelaide
happy,,Angels & Airwaves,True Love
happy,f50358fd-7b6f-476d-8036-2a10366a3b22,Awolnation,All I Need
happy,35e3f984-1602-41b5-99b3-71e92a312735,Yo La Tengo,Mr. Tough
happy,008879bc-9350-4419-8247-63a0f1e103ef,Pete Murray,Opportunity
happy,8e6f4f24-9ce0-49c3-aff2-8ee24002b570,SoKo,We Might Be Dead by Tomorrow
happy,,Feist,1 2 3 4
happy,2f86cd51-13f2-459d-ac06-f516ae94efc9,Owl City,Hello Seattle (Remix)
happy,3ae2e348-4d07-4e52-a71c-7f1ffd75ebd5,Dirty Projectors,Remade Horizon
happy,,OK Go,C-C-C-Cinnamon Lips
happy,58f9802e-26c8-4a6b-b6a9-62d0531807ea,The Kooks,Runaway
happy,e7dd8585-2424-468a-9d8f-a8bbab92fe74,Freelance Whales,Kilojoules
happy,794c8583-7694-4243-b1d6-cce0fce85cc2,Kakkmaddafakka,Restless
happy,,Simple Plan,Summer Paradise - feat. Sean Paul
happy,c2b37989-33c4-4c66-9921-ac965ea74917,V V Brown,Shark In The Water
happy,0c180581-34bf-4104-95a9-1bd221c36d6e,Woodkid,The Great Escape
happy,5a03d06f-775c-449d-b41d-54b7913bafeb,Van Morrison,Everyone
happy,8d30f733-5fa8-40dd-8075-947ce15fa545,Richard Ashcroft,Music Is Power
happy,cd73060e-9a87-4a50-a46a-75f4838b115a,Smash Mouth,Why Can't We Be Friends
happy,fbd6b7c2-b1ee-4674-ad6a-d248c18a1fbb,A Fine Frenzy,Electric Twist
happy,0e9d23c8-71c7-423d-bcc4-39a979a0a575,The New Pornographers,Star Bodies
happy,a4647430-6f06-4572-9931-512400577e13,Broncho,Class Historian
happy,790ac5fa-6957-4875-ad4f-fc6c36acd676,The Beach Boys,I Can Hear Music
happy,2c5c9d04-454d-43a2-80d1-9259dfd599d3,of Montreal,For Our Elegant Caste
happy,f2375d80-2802-4ec3-8381-36632a440d3b,The Smashing Pumpkins,Geek USA
happy,d4a03221-6b83-4ba2-9665-dd1b453e4471,The Magic Numbers,Mornings Eleven
happy,cff509fa-22fc-4986-af93-7c3464fb5722,Good Shoes,The Way My Heart Beats
happy,0e19c790-6673-48ad-9ba7-3b93b90ff412,Wheatus,A Little Respect
happy,87649285-7f23-4f31-ace4-273f939c80fa,Goldfrapp,Alive
happy,00e7a577-0ce7-434f-8df2-f2d127dc0634,Ben Folds,Bastard
happy,7c36749e-2441-4326-a4dc-2f299c814c87,Michelle Branch,You Set Me Free
happy,07b4d92f-1592-4d56-bae9-a261c8ad92b7,Harlem Shakes,Strictly Game
happy,,Michael Franti & Spearhead,Say Hey (I Love You)
happy,683ea9a7-44c0-4768-b7cd-c1198ceb8d8f,The Go! Team,Doing It Right
happy,,Death Cab for Cutie,Tomorrow
happy,b27f125b-7afe-48d8-8ff4-5522c4e251ba,Smash Mouth,Can't Get Enough of You Baby
happy,da8ce009-5387-41af-a1d4-3943562bbd9b,Caribou,Yeti
happy,265641dd-f94e-4920-a6e3-c7f91b99ca2f,McFly,Obviously
happy,a03062f3-49e8-4aa8-9a2c-685c5a67d768,Los Campesinos!,Don't Tell Me to Do the Math(s)
happy,520bc066-77b0-4697-b3e3-2cea2af59f88,Betty Who,Somebody Loves You
happy,2879124b-7e29-428b-b59f-a0adee8f6013,Here We Go Magic,Collector
happy,5a34c2ac-3dc7-4e86-ae1d-a0103fb2a7bf,Michael Bublé,It's a Beautiful Day
happy,f05577f3-3931-4e1f-b7fc-50eedcfc22db,Rufus Wainwright,Oh What A World
happy,55d20a43-cc10-4c13-8fdc-967c84844b10,We Are Scientists,Lethal Enforcer
happy,96d33186-079c-428c-b1b5-16506c2056b0,Sufjan Stevens,Adlai Stevenson
happy,85ac70f4-e52a-456c-8aa1-2778b54c0b62,Straylight Run,The Tension And The Terror
happy,d0d504bc-9544-4ffc-a509-6243cf329891,I'm from Barcelona,Oversleeping
happy,b169105a-3875-4473-a20d-4fae3cf016a5,The Cab,Bounce
happy,e60402b4-6144-48d2-a8b3-f897a276a5ea,Summer Heart,I Wanna Go
happy,c75999d9-f481-4ffa-b37c-a5f12acc74dc,The Starting Line,Given the Chance
happy,1618f32c-6fe8-4907-9c37-413aec91b312,Nick Cave & The Bad Seeds,Death Is Not the End
happy,00ec41c0-b7ba-49d0-b55e-b5256eb7aa48,Ra Ra Riot,St. Peter's Day Festival
happy,,The Roots,How I Got Over
happy,410a54c4-7f79-4273-bc68-2c2fab67f9c4,Ashanti,Happy
happy,fcfc07c5-97c6-467d-93d1-440f4e65185a,Saves the Day,Nightingale
happy,120c940b-323d-4630-a4cf-8e59c1014e9d,Vanessa da Mata,Boa Sorte / Good Luck
happy,c4d8c573-cda5-43c8-96e3-7b86389d8587,Plain White T's,You and Me
happy,bce0993f-e280-46fa-9d5e-69b4405a06c8,Brett Dennen,Blessed
happy,863daefd-57b1-4b4d-85df-7fcbf1b2b472,Michelle Branch,You Get Me
happy,98f7e583-8fe4-4ee1-9406-11384c908199,Eels,Grace Kelly Blues
happy,,The 1975,The Sound
happy,3e1138ba-c0c0-4886-835c-ec27a4b87ede,The Magic Numbers,Take A Chance
happy,4351f385-1dc7-4d00-b424-a85819acfdcb,Paul Simon,Late in the Evening
happy,ac241918-48e5-450a-ac12-11e0c41c0ec5,Jens Lekman,Sipping On The Sweet Nectar
happy,1e4f6d5a-942c-48da-9b61-1c0e1c1b256d,Ryan Adams,Firecracker
happy,25f4ab2e-a795-4959-bd0e-26015586cd60,Tegan and Sara,The Cure
happy,2d88b5d9-d4e0-49c3-a7da-32892b0ba595,Cherub,Doses & Mimosas
happy,0763051b-9284-4d21-ac10-83c5cd590026,Flight of the Conchords,If You're Into It
happy,2f348cd5-d98f-4d66-8dbf-74204c420128,Eels,The Sound of Fear
happy,58363bd6-904a-44c1-865e-d99fa327c619,Modest Mouse,Space Travel Is Boring
happy,b8d9d03c-056a-4e49-b2c1-2749b3f1c5d6,Brigitte Bardot,Moi Je Joue
happy,37a30cc6-08fb-4bbb-ad08-c3b502829a97,Solange,Sandcastle Disco
happy,967956cd-ad93-404c-91a2-199d426e488e,The Format,Pick Me Up
happy,,The Rolling Stones,Start Me Up - 2009 Re-Mastered Digital Version
happy,8b66f9de-7ee6-4aed-94a0-3fad9e8c7d0e,Nico,I'll Keep It With Mine
happy,,Best Coast,Feeling OK
happy,6ebc147d-794f-44c5-9794-5b1f46dbe3a9,Patrick Wolf,Get Lost
happy,1211a5e5-3615-4ddc-b5c7-dc24d84ba51a,Bat for Lashes,Oh Yeah
happy,385e610c-196b-43f9-b1bc-7771c650b61f,The Format,I'm Actual
happy,,Marvin Gaye,Ain't No Mountain High Enough - Stereo Version
happy,8bdb468e-97dd-4624-bac6-6ce99613a5b5,Cartel,Luckie St.
happy,,The Magnetic Fields,A Pretty Girl Is Like...
happy,b77e597b-4227-4848-b101-f882e5f13eb2,Martin Solveig & Dragonette,Hello
happy,27b13aea-9f71-4c44-9aeb-0415e1c9b104,Bob Dylan,Tonight I'll Be Staying Here with You
happy,c1fe139e-4031-45ed-8d8f-45cc5d12cf2a,The Pipettes,Dirty Mind
happy,bd975e75-a030-496e-adcb-a5eaf26a6277,Travis,Somewhere Else
happy,26bc7169-ba90-4c57-bd02-f3a15ce0fe7a,Belle and Sebastian,Legal Man
happy,bdc3a14b-d210-4db9-a3b5-71750219fcc6,Taylor Swift,Today Was a Fairytale
happy,adab0bda-ef9d-4b14-81da-39c341166e93,Mika,Ring Ring
happy,b7d3c6f0-da98-4ec3-a886-41990d214779,Scissor Sisters,Ooh
happy,d3138f79-aa8b-4c04-ad73-805a8428e722,New Found Glory,Better Off Dead
happy,f55ce136-b2a2-49ae-b654-4412bdc9c51c,James Morrison,Fix the World Up for You
happy,923461e3-7892-4e54-b5aa-daccbf02b2f7,Fionn Regan,Put A Penny In The Slot
happy,51e79408-e087-4eb1-8e8c-f0d7515ef1af,Lenka,Don't Let Me Fall
happy,49d74cdf-c176-4c89-95db-b09a5a4870f4,The Knife,Parade
happy,9a6b5419-05e8-4e2d-a535-8bf2c1abbdec,Little Joy,Play The Part
happy,1a438fb9-dcf2-4faa-91f9-99d5ce3524d9,The Hives,A Get Together to Tear It Apart
happy,662eef72-f432-4712-8cad-efe4e33c33f0,Violent Femmes,American Music
happy,2d96c519-a264-4309-bdb3-026c420d0a68,The Pipettes,It Hurts To See You Dance So Well
happy,638711cf-9628-4ec7-ac99-627cace574dc,The Dandy Warhols,Boys Better
happy,b01f57e3-48ed-4cad-ab4f-c2d49821c509,Garbage,Breaking Up the Girl
happy,65cb77ab-e505-46bc-ae1b-de2a85c3b358,Port O'Brien,I Woke Up Today
happy,219346d1-5978-4211-8795-94c124b4d12d,Owl City,Super Honeymoon
happy,0661779a-1b62-492c-94f8-bc8e4aca7a08,The Rocket Summer,So Much Love
happy,425d5f06-5aba-4e77-b26d-6a9db9497500,Ratatat,Sunblocks
happy,2946cafa-551f-46d4-b254-ff2e97cbc1aa,The Concretes,You Can't Hurry Love
happy,a25d2ccc-dc49-4594-80c0-72042f1be5ed,Washed Out,All I Know
happy,f425f611-4c4f-4d11-8097-fbcbaa849c75,A Fine Frenzy,Blow Away
happy,f0142801-5d6f-4f6f-80c9-edef219efc0e,Seabear,Arms
happy,73347b70-f984-4bef-900e-b7a50984cc82,Jason Mraz,Living In The Moment
happy,1ca0bd31-f519-4920-b9f2-4ee99bf67d10,Hellogoodbye,Figures A And B (Means You And Me)
happy,167952e3-ec4b-4040-a18b-688edebf0a51,Automatic Loveletter,The Answer
happy,0b6302c8-84ad-4a5e-ab71-b556964d2523,Tegan and Sara,Red Belt
happy,608cc1ad-35ea-496d-a9ee-26283ddbf2d8,Caribou,Subotnick
happy,07824340-8a75-4f88-bbc3-300605d655bd,of Montreal,Nonpareil of Favor
happy,5500bd3d-f431-48ac-9210-7d2087573097,Jessie J,Stand Up
happy,,Dev,Bass Down Low
happy,e145e59f-58a7-4f7b-be8d-d91bdb1dd2aa,of Montreal,Lysergic Bliss
happy,1b612fd2-1f2f-4080-822c-5b01f9b23494,Bob Dylan,Mozambique
happy,2df7bf58-7dd0-4b6c-8cb4-5cff7e722da9,Camera Obscura,My Maudlin Career
happy,792878d8-73b3-475f-9e14-348048abc4be,Holy Ghost!,Do It Again
happy,dccfbe20-5383-46d8-8dae-454db565cce6,Karen O and the Kids,Capsize
happy,e5ca692c-96c8-4142-9488-2c7457486a28,of Montreal,My British Tour Diary
happy,80c4b291-bc8c-43c6-9b47-04baf58d36c2,Coconut Records,Easy Girl
happy,16db3b75-c58b-42cf-b5b8-0f5e7e332fe8,Janet Jackson,Escapade
happy,19665ed7-1c12-4eb1-aedc-f310ab59229e,The Ready Set,Love Like Woe
happy,9692bf1c-d556-4992-bcc2-31c2287c653b,Des'ree,Life
happy,,OK Go,1000 Miles Per Hour
happy,52771f3a-8f26-4db2-8cc5-4561bad096a6,Motion City Soundtrack,Cambridge
happy,,Omi,HULA HOOP
happy,5c6e2149-d62d-450c-93ef-fdc4c3fa6512,The Cardigans,Rise & Shine
happy,20d2bbf6-9e37-40f0-90ad-81b138df43af,Guster,Careful
happy,873750aa-a75b-4612-b92c-a11fc27baa6d,Zwan,Honestly
happy,9593c775-c7f9-44e8-b0ed-ef635f6c974c,The Flaming Lips,When You Smile
happy,f97bffed-9239-470c-bc0f-e348e47bb9ab,Camera Obscura,Swans
happy,1241ec2f-4ed4-4ef0-9fff-423855b1187f,Clap Your Hands Say Yeah,Emily Jean Stock
happy,c84a9e2b-975e-4062-8656-05c98c488858,Kanye West,We Major
happy,04ed911d-b08b-467d-8765-a0710ee965d2,Tristan Prettyman,Hello
happy,,blink-182,Even if She Falls
happy,d2aee1c0-c7ec-46a6-9f6e-a1f04f4afd0b,Sara Bareilles,Uncharted
happy,7a2bdc78-3edd-4b3f-995d-ff6ed726ffd2,Little Joy,How To Hang A Warhol
happy,fed3eaf1-4a2f-4c61-b853-1a2bfd292c63,Owl City,West Coast Friendship
happy,db77f42f-0e27-4e80-8299-beac05edbd14,Simple Plan,Happy Together
happy,47e710bc-0020-4710-8dfb-54d3c9be8eab,Brandon Flowers,Was It Something I Said?
happy,e2ab6d5b-c12e-43e9-a3ad-fb55eea0861e,Portugal. The Man,Work All Day
happy,6d8b9107-818a-4bda-9159-4f8891b72985,Michael Bublé,All I Do Is Dream of You
happy,901bac19-195e-42f6-99ce-2c399ee0d5f9,MAE,Summertime
happy,5f1040d8-30e2-4467-a443-4472f438a2e7,Voxtrot,Wrecking Force
happy,3e960435-c5e1-40ba-a37f-b584c3596a2c,Newton Faulkner,People Should Smile More
happy,571d53cf-2ceb-491c-8e4e-8172fe735f63,Sufjan Stevens,No Man's Land
happy,7b4728ff-7dbb-4939-bf70-210248aa6f6f,Michael Cera & Ellen Page,Anyone Else But You
happy,89c3ccfd-0a5b-4fae-85ee-fa3a22002858,Eels,Packing Blankets
happy,e4e307a5-9fd7-4f2a-8f25-f827bb47221a,M. Ward,Epistemology
happy,541fbbdb-4455-46f8-9630-707e93dd405d,Cocoon,Chupee
happy,4722993c-4f31-480a-8d1f-3b9f1781a757,Karen O and the Kids,Rumpus
happy,beb0c3bf-cd3e-4a79-afd4-6509d7c8a106,Hollywood Undead,Bullet
happy,af8a3f68-c9d1-4166-96a4-bed5301c6f1b,The Album Leaf,Blank Pages
happy,644ed967-f104-4925-8b65-fbae43c682c5,Regina Spektor,Ne me quitte pas
happy,72792ebc-699a-4b24-8ff0-56da02b61950,Ben Harper & The Innocent Criminals,Steal My Kisses
happy,,Sub Focus,Tidal Wave
happy,24dfe23b-07b8-4374-9938-92ad8c19ba76,Coldplay,Death Will Never Conquer
happy,3d3caa14-2298-4d64-b9c9-3f03287aa870,of Montreal,Will You Come and Fetch Me
happy,a78216ee-2a53-4ac8-a0cf-146ecc4aba80,The Format,The First Single
happy,b8f65cad-6053-4924-96c4-b6a9d72710a7,Dropkick Murphys,Cadence to Arms
happy,82007969-f201-4059-bfbd-b827611b1411,Cold War Kids,Royal Blue
happy,0661d365-f212-45a2-a421-dd926dd923be,The Beach Boys,Darlin'
happy,aebff3fb-ab83-4042-b48c-660732fd4414,The Dandy Warhols,Horse Pills
happy,,Edward Sharpe & The Magnetic Zeros,I Don't Wanna Pray
happy,256bcb35-d0f3-4fca-a958-5df45b351811,Little Joy,Shoulder To Shoulder
happy,13cd7c91-250b-4bbf-a049-8867f8817c46,T. Rex,Ride A White Swan
happy,bd92fc52-313f-4176-b8e9-0d09c663e901,Rilo Kiley,August
happy,096814eb-e7c3-4f28-b2c6-fa1b525706ab,Animal Collective,Water Curses
happy,,Calvin Harris,Yeah Yeah Yeah La La La
happy,eb3088fd-dfc4-47bc-90ee-3d5899a8d211,Modest Mouse,You're the Good Things
happy,,The Sounds,Seven Days a Week
happy,2685e63f-18b7-45bf-bed7-96db3786a5cf,Lindsay Lohan,Ultimate
happy,16a16e9a-5973-462b-962e-3e9f6b0859e1,Owl City,Hot Air Balloon
happy,,Weezer,Why Bother
happy,111197a9-c811-45de-9ab2-3c2e15228886,Devendra Banhart,Rejoicing in the Hands
happy,869dbe28-2317-4e9f-931f-a6ccaad134f1,Little Joy,Evaporar
happy,acbc0a74-deec-4371-b144-54e9236dbbe6,I'm from Barcelona,Collection Of Stamps
happy,ebec2f1c-e359-423b-ae51-b807a3f58e28,Devendra Banhart,So Long Old Bean
happy,14a75e44-e161-45d8-875d-9a885118f2fa,Josh Kelley,Amazing
happy,4099d18d-2add-417e-8bfa-c336ff1be6c0,The Weakerthans,Aside
happy,275e8e5d-44db-4536-b47b-39e98565c485,Mika,One Foot Boy
happy,f3c83a11-d8a0-44ee-a5ac-79eb8fc6dede,Late of the Pier,Whitesnake
happy,4bf71c58-423c-44f1-87c4-d1f09d62eefd,Big Boi,Feel Me (Intro)
happy,,Travie McCoy,Billionaire - feat. Bruno Mars
happy,ac5f2999-d96f-4468-b10d-a57c0c52e8b5,Ingrid Michaelson,Highway
happy,4f8d4a06-2463-47b1-b708-25376f6038b7,Modest Mouse,So Much Beauty in Dirt
happy,84d36828-4cca-48a1-8927-4818f7fd0c6d,Rilo Kiley,The Angels Hung Around
happy,e7c6b057-a10b-488b-94a7-6588c4d31557,Tilly and the Wall,Fell Down The Stairs
happy,a7439e79-676c-451e-af01-e84ebb52407e,Mando Diao,Song for Aberdeen
happy,de1182b0-36cb-47ae-864c-0ba9ad30f6f7,The Cars,Let's Go
happy,5d539ae5-15df-439e-b765-efb8bc4a560d,Jens Lekman,Friday Night at the Drive-In Bingo
happy,2f0130b4-f2b6-486e-8e33-fd7c935b9fd1,Annie,Me Plus One
happy,fe967ccb-c33f-49b5-8fc5-56c37a08a141,Ace of Base,Life Is a Flower
happy,7c506bc7-22c8-4f58-b667-eb19132ab7f2,The Avett Brothers,Die Die Die
happy,b20b28ba-7601-4748-b380-b873a48aedb8,Minus the Bear,My Time
happy,42daffaf-9930-41cf-8f44-c61282f79541,The Magnetic Fields,Punk Love
happy,d4305cf3-9d84-4afa-9c0b-43bddf805a77,Something Corporate,The Astronaut
happy,90c0901f-6f15-4ad8-ad77-6daf1f3fcede,Stereolab,Cybele's Reverie
happy,848394fe-b1e1-46e6-be6a-9a470bc150da,The Magic Numbers,Long Legs
happy,c71a7530-254b-4ec3-8983-1180d513320f,Amos Lee,Bottom Of the Barrel
happy,34fc9cb8-537d-4de0-b993-f4b2c466f9a4,Okkervil River,Plus Ones
